Subject ID,sample ID,feature_0,feature_1,feature_2,feature_3,feature_4,feature_5,feature_6,feature_7,feature_8,feature_9,feature_10,feature_11,feature_12,feature_13,feature_14,feature_15,feature_16,feature_17,feature_18,feature_19,feature_20,feature_21,feature_22,feature_23,feature_24,feature_25,feature_26,feature_27,feature_28,feature_29,feature_30,feature_31
1,1,0.04959209283760979,0.545804524630703,0.7710766592830646,0.38717122558422623,0.6182899638013091,0.869132059027581,0.13929588459388142,0.4543766738726672,0.39954379175427746,0.4514314584317849,0.7564728176690271,0.13048680329567885,0.6001783126347573,0.5039165666928223,0.6960749727462898,0.7002524956561004,0.27203851891271646,0.5561166427410531,0.21322322554941175,0.41615536186629243,0.6758735592486347,0.27944222258986207,0.11872820111489668,0.9716469427205585,0.5177033570044957,0.39037536519119564,0.3644229322543593,0.9482675923661869,0.9215921226544959,0.9862652452300907,0.983803732868409,0.8924978583709443
1,2,0.7844863317227465,0.3612812322294985,0.6817522395004957,0.4949814273913613,0.4907576043930758,0.13227737037171827,0.47521722629295327,0.04185983112010783,0.5197742016971679,0.4091655468491764,0.7388191111677958,0.7029741187770472,0.7010283727388916,0.8436182893470446,0.7363398350925657,0.24951336560062087,0.7333894371105245,0.9031520249770334,0.003767404269215624,0.28162353982062827,0.8174735544113056,0.9535510112499973,0.8369436372959349,0.6949522307801078,0.9906204779373022,0.5730242839079641,0.6272095596732857,0.6705057359280568,0.3396237958151499,0.23839148971453827,0.14112180130337804,0.9897817905575751
1,3,0.017366989975043934,0.6613498934928203,0.8495701659655194,0.833184988480294,0.5911468060916484,0.3579993985782761,0.5834661776514856,0.6811058682505339,0.2891121459691187,0.09928004786349898,0.861336469180934,0.802458531855324,0.6660247452430581,0.8079326581726156,0.28653008759237275,0.6289527332351066,0.27580295363320295,0.18132017832382885,0.3740433771005627,0.4828608875654494,0.27485565398100387,0.2472699764437717,0.006385505285679494,0.9374943082199487,0.3431761728084185,0.8165862628127369,0.2955629722213352,0.07858329860678415,0.7240319749385584,0.8470648369397077,0.7047728116586284,0.7939352061701429
1,4,0.19782517604921535,0.22725837922474645,0.17786106613215413,0.17912316104442594,0.39749177216012277,0.01065008934191014,0.11150717471364435,0.7193101704418873,0.9263682868082975,0.8813296398657737,0.40566832124116925,0.5087154812464768,0.2346892394627369,0.2521332244698271,0.5277202364884714,0.017151111922942164,0.3540157031736304,0.1436653725940772,0.2579397571012998,0.46557733771076115,0.04464142763407952,0.10330018970397103,0.17761614993146146,0.5175625438548827,0.33676613706237957,0.31550098304228436,0.4789201742935374,0.20301911461777333,0.19046601279462705,0.7397884155829954,0.21044743558181733,0.08494060658505542
1,5,0.8990937894888249,0.8179470144832305,0.8892950407040763,0.20593230308771515,0.0058739486171029975,0.6879181681599299,0.8746217789022586,0.5235758716643834,0.6073710783164937,0.21342016199433644,0.16363941905989454,0.23134579224224583,0.673450104392044,0.8921065688565687,0.829465320292247,0.40578747539482496,0.1399888984412675,0.25920741893318655,0.3480280329493255,0.35283022739439307,0.10732541733397927,0.6909619626085057,0.9218918083787181,0.7844763194832297,0.7787152518776054,0.5174578546148927,0.2894695777771533,0.18544660981661099,0.9602469225126469,0.7468015237514553,0.8916819744003963,0.7333209635026305
2,1,0.16878320816940096,0.4282787347671806,0.5421527286197618,0.45705543737069687,0.3885453879379491,0.5459102666555531,0.9506000499711864,0.06272979625939712,0.6817511074806166,0.5919999607887104,0.09369668752292637,0.19995852121260893,0.5643989385628662,0.43724958658481583,0.7431846682318642,0.36635595168765756,0.7778961376167536,0.2814840037323817,0.7580796840069401,0.18023985833063083,0.010973215835847427,0.19509284253193904,0.9083590664649496,0.9459083417881675,0.841268306069466,0.4627222746551515,0.1941637832251739,0.8561954323665538,0.39953687335385,0.8080095165738089,0.8387004493793612,0.7425641259391217
2,2,0.6433915305715374,0.9478560056702958,0.7016630804956024,0.08586964869816571,0.8256734101755003,0.2156362691772411,0.35053351121146026,0.39809926079254654,0.13484063940326363,0.6202912358983865,0.8149553034969823,0.5864149323077326,0.3002783426405271,0.24318983035422337,0.25360031581139275,0.7899664564490793,0.6942988806967315,0.42824843768827936,0.580413535816768,0.4686030556842292,0.6452551778623088,0.6799211978600598,0.886363678471957,0.5965130228400324,0.17286104024572446,0.5436162773445188,0.10592114759200777,0.2942024629038379,0.8714819021930719,0.4930217807236337,0.12377465288794065,0.7481018745993936
2,3,0.4778863483360586,0.8104529242981593,0.131068906713525,0.9966105614737597,0.6839754968039478,0.6560748457583063,0.7874983222339778,0.4253232896486264,0.7097009029374025,0.16680113532152652,0.4650775367258714,0.8571740970777592,0.06136562728148798,0.2106127475060039,0.24635731571413644,0.8733667015551326,0.9283440329935386,0.9255905640756814,0.47495908627668115,0.4689270694894583,0.7695473539502281,0.49210196952100793,0.8487599174426617,0.523875981258901,0.18533771274839173,0.5345223482255238,0.7310889627548985,0.06720343915149618,0.21222984504451625,0.9341442901594453,0.19018005163919216,0.07496672213599687
2,4,0.5927503319712278,0.7012405333687028,0.1654518128849024,0.4391737455000927,0.1829099939423926,0.9655642833306076,0.055043534067850564,0.8462494426109811,0.8388602531253455,0.10567812074766281,0.3331941612221372,0.21757954433220916,0.8494250053591477,0.684793606954463,0.40713525535583805,0.07723628797362736,0.5500893336744856,0.7996957162195308,0.03101139015801857,0.7243131493125079,0.6150702527627718,0.20330315545832178,0.5879621790059328,0.6144722500992091,0.7010687321500952,0.7970347895164204,0.7345217821175862,0.6299438626691386,0.03755616776598969,0.8862768469336976,0.006907218181602337,0.2298301417550458
2,5,0.7643137470371145,0.523185349073957,0.8199946981418447,0.7303306274816612,0.6716215835538788,0.05624516735400198,0.6303682249040348,0.6215700150264007,0.3671345757347019,0.6968448717168119,0.7722278363982576,0.20788471802971187,0.8674159387751681,0.3344724441759961,0.7358023126735922,0.9855631806585688,0.643369858096203,0.7388836929580715,0.05154487606407798,0.9171865023546826,0.11382578035259472,0.9131932288556913,0.8925539187511481,0.9320686211557704,0.6110874792485533,0.9207960504093436,0.2662552843424779,0.2651787041588207,0.5527411345616051,0.006613539664610646,0.37140670421009847,0.6273520394540951
3,1,0.10367383663854013,0.28558134960778603,0.8825618237016313,0.6334368114485429,0.512898818561263,0.3983084670451994,0.3635058705758458,0.47347105928203526,0.9225324813549121,0.6103965795213323,0.3152712869501785,0.6668942385219023,0.7875852545974689,0.9451022149472125,0.045870385685536585,0.02827058462224108,0.09682820391264446,0.24309346616279415,0.06465882968905445,0.466673521587864,0.3280201534849785,0.62261969337171,0.8309643346347986,0.6181245081277962,0.20272113924674318,0.52240271017618,0.5435430189990429,0.3441038838734808,0.008064687568746565,0.7169275053761681,0.6176727068088133,0.46880982458810316
3,2,0.18499661466053274,0.5497124931306977,0.5932581135743243,0.9332384907390563,0.47768167346012846,0.3573605629405826,0.629444757492891,0.6648481457458382,0.3675515368650317,0.5229592253172004,0.19914137433745727,0.2510218874718567,0.2991157673396767,0.0523499654214189,0.9611024190278811,0.829918163286387,0.2684474701594358,0.6136094437389218,0.5750057275167868,0.5769022188941323,0.6589375639754336,0.034943105792786366,0.9388375788080046,0.8688534648323747,0.2552676996960048,0.629046421952565,0.9054769532424207,0.15886234540536692,0.3203784007825051,0.9906163503642759,0.2907785662526491,0.07395554403497961
3,3,0.9349797685725779,0.640476797185242,0.5941873920161698,0.41263335320278005,0.13690978409223753,0.5723303035217989,0.07327460029493804,0.6268251850634756,0.30675105152040594,0.93170559429576,0.30147223855710026,0.8165583521413777,0.10331577116111457,0.8033217862832723,0.3795980953944553,0.7353863754229756,0.5617509165448653,0.9776360580857806,0.5012332662035062,0.7431646068570473,0.8028095062382076,0.23102851131621926,0.2508409850563974,0.694581254010901,0.9026780069364402,0.45839117093456605,0.11458426425498247,0.650129650497247,0.9010486650243096,0.4219044037691906,0.14922046695568603,0.8347028711141317
3,4,0.5725625896973107,0.6715089323638302,0.2585867504651891,0.7121841828952976,0.5370206716195434,0.26029954348534645,0.31835212854685724,0.10560451851298802,0.5351677127551836,0.3622774416368738,0.1984540271511841,0.14738568413876096,0.12860380189348553,0.08900887057271156,0.7691247186398471,0.17960623721249014,0.6212148392104672,0.6519019132715201,0.5081393425776661,0.7830885955874928,0.11890583943417743,0.8533607775849475,0.5020605183661523,0.386999458053488,0.3122631082316586,0.6101622545558453,0.1147718807927286,0.822241971856441,0.7548586433729798,0.26391545041259357,0.8851266699661734,0.6959444828949914
3,5,0.445469494209601,0.6625054271790799,0.23680846343163608,0.12692908978530892,0.628767145192132,0.6202436447295583,0.38774544604798344,0.2793181304030704,0.7231607792278002,0.44355002361133267,0.1832447205613642,0.3410582129362275,0.6314673202528284,0.7108030960284677,0.36672319100080397,0.8641452900659718,0.30966027246067407,0.5611202150732668,0.6252417775687554,0.5968791718054043,0.029910265223514587,0.7386992571699915,0.9736872069753727,0.08951294773895713,0.6498339299331415,0.047358309853755665,0.5743319740061319,0.5055836887955304,0.5425653186587938,0.17917424803335213,0.6478511938531555,0.11035386012388315
4,1,0.8734680646404288,0.5146778871636896,0.3820142683317521,0.2610844410559491,0.8162188188712889,0.7168081774962791,0.32040981941922997,0.638728925143763,0.0241414191356224,0.2351939448628616,0.6161423394551101,0.9875875519681803,0.6280696973787046,0.47648680346268724,0.43662278208678473,0.7359034786684668,0.9451198886285667,0.5247922462904231,0.5532791862297196,0.12204684320772641,0.5309960513642686,0.6210390451041686,0.7937665855185111,0.8344211032059293,0.8512507857258442,0.9152997961482101,0.45825132606664853,0.9078263124227505,0.2524539146858865,0.9129325470729847,0.7302754615064115,0.6619629350641661
4,2,0.39785468008943203,0.7849857987087229,0.4879437972567957,0.21929291472224666,0.14394574816512007,0.3957685973021632,0.43752432203181235,0.45264079676632385,0.7896146975216114,0.3813830822458393,0.8950091015761193,0.1468213619894242,0.9942814225486406,0.7818071547630359,0.8551748911188493,0.8806074139689392,0.12299686809961341,0.37058022271891233,0.3299148875104929,0.9647614395945209,0.3323878529453741,0.3988912780663977,0.4311262573986917,0.8200251314275505,0.26667387260600195,0.28703539416658497,0.2955336880938202,0.9814957289297819,0.10129530912073015,0.7928754690402762,0.6968318325808454,0.6226980850718546
4,3,0.2262283049915269,0.24405527682884476,0.02231049740622426,0.9528408851863615,0.9369594690149312,0.37865051017273843,0.37540613016747826,0.044389221743276974,0.47857506605738076,0.8933997918656279,0.8299723041043625,0.8583211721986057,0.5211539038601072,0.7302713423222679,0.4134925102727256,0.7229478931226415,0.29949871013869533,0.2266897011739536,0.4295618835296866,0.13397110111292732,0.6980190858077744,0.2099192473679672,0.9157722121698522,0.8463070277922483,0.7153214537994441,0.09496855514107982,0.8310263451556269,0.11652355565242556,0.8513223474471111,0.36253123240961105,0.6451775732828595,0.10122979451438607
4,4,0.15368734182314625,0.6912853542080873,0.6202136416906371,0.26805568190095774,0.7305097232865381,0.441092874510448,0.8174693160927814,0.5923349635701458,0.8738795409517234,0.47647600805682855,0.275795185735327,0.12351109134630123,0.7319421537883357,0.7933633254179158,0.22074154106947808,0.6697126756697127,0.06951767072033022,0.03878903748616069,0.3491575136615842,0.53415349688946,0.8329200075128536,0.118994925275417,0.47197307939202615,0.7831877246750985,0.9166904147063002,0.9915518446541091,0.9320825870583773,0.032832593875010696,0.5612727511349459,0.4461632654900588,0.15004053536016282,0.5151176174573967
4,5,0.5569028617421583,0.11813587020471572,0.6617314706337022,0.751879851755859,0.19740225211988072,0.1401987697021515,0.5963271388750502,0.26307928524471236,0.4638028189618979,0.3953421042179531,0.4733188478037752,0.3903741494592763,0.6683033664192203,0.06188849663053486,0.8552113736579131,0.061393628418177415,0.8908968056225718,0.3099455443154713,0.9426176490602107,0.2801144612296874,0.4785752646522675,0.42088870976855675,0.8685265715146357,0.20615272182881883,0.95023057571051,0.6562301525254013,0.16824001588043513,0.8542006126536905,0.7108429635579543,0.2099466072631978,0.664695941981022,0.49742596850573995
5,1,0.23535544140404496,0.9212956057411636,0.2026173808473648,0.483685031527726,0.30723989877474056,0.9273596449340725,0.6540006017818312,0.9001272074163001,0.14935419601994238,0.8048677895425846,0.8626542014392742,0.4748951924497593,0.8668819029271958,0.9486159954096759,0.7353288778120851,0.4968451360485563,0.006401053875261575,0.8049281758231869,0.6386262064535952,0.015676260386138896,0.867274873527082,0.275398125693298,0.10193318268905005,0.2525548582313142,0.36720853573807777,0.11479186293670007,0.5599765069241923,0.32008088990771744,0.7041635770105507,0.6534232547137455,0.9990072830320615,0.4899914891198691
5,2,0.8901272007556736,0.24716049470545187,0.789309925365959,0.7337351440139949,0.8443951653066498,0.3010420629362077,0.09242091840074063,0.6255796892885727,0.0547045939533497,0.15933946540587707,0.7883012533450664,0.5154683589957583,0.8280807476893792,0.04140535675283985,0.4883821204887462,0.7602618598905848,0.04929858420050981,0.8520876926351082,0.5325283359074726,0.0018219726217814092,0.3924523449407513,0.14471050077422354,0.45657903563766333,0.9329421212928259,0.39081000829460333,0.49026203224761966,0.8025447207475402,0.7952254922580982,0.2706923513800463,0.979304564709441,0.5552589635026953,0.0514742969851858
5,3,0.24486900456010685,0.5023079490916852,0.1538858505282733,0.5050686826604742,0.37732747613764395,0.6256387058289246,0.14034757455658176,0.31537034035536093,0.6974349731377376,0.8965880348051132,0.6550164880182563,0.665650097849608,0.9223421394691093,0.004250591407590765,0.4768255058948585,0.22373016553329772,0.028090086147692483,0.5264990906603063,0.2445454376491234,0.5678962138774897,0.7503532033597246,0.40219697909071006,0.873591727554073,0.6192718551281495,0.7801943040396829,0.5697857201905878,0.4742123401723398,0.0694393878571884,0.2632451856648784,0.36760736206882794,0.34079295966206513,0.8838818350797892
5,4,0.37525580326623365,0.7836616717003018,0.217244678222962,0.9777693021037283,0.7435682743787055,0.5206193828503916,0.10220247960606432,0.9165996615551127,0.2585930047143852,0.7945193739365435,0.31812798652954355,0.9420425661024959,0.5267192038671602,0.5905449613496513,0.004289637060958973,0.7822107600749758,0.6381604887290745,0.2773725439745023,0.44702887947762804,0.21588600166085725,0.4238857063877308,0.28975012709078185,0.0022276533687922706,0.026762424741040958,0.6772149072972198,0.6183501383430018,0.3353361950233986,0.3122402706595071,0.754784504167956,0.011526490944331114,0.048630659679991695,0.36938713156494407
5,5,0.9188381711802348,0.9494144026023454,0.9898825239433738,0.6901866601737424,0.7423970474538938,0.587548298304555,0.5507502836176523,0.2682464468448127,0.12379387899207539,0.670552666450186,0.7935827472375984,0.2597941093627115,0.17523857883079552,0.5190430560588923,0.5036816235321065,0.7306151334516081,0.1361587943081004,0.8562046078537218,0.02527650194419584,0.4817438083784422,0.2616370498640427,0.741848663758827,0.9101268569143363,0.9508992025134204,0.9077668989151565,0.38044113616245134,0.04338413420391096,0.8052451006592879,0.24556605754672134,0.16059607195792913,0.39461955910704016,0.05301557477249896
6,1,0.6637456286476446,0.5118636824010934,0.6255191670959698,0.7132551061306911,0.4809473875238809,0.7066397802551598,0.384374495573927,0.011693410093155276,0.5339072778813697,0.8876886890563526,0.983779809508348,0.9467220219737741,0.7799885592571993,0.08569905133328848,0.7166235582280733,0.887898804784448,0.9467494655665416,0.8864170272779179,0.5472598224119795,0.7825136625147142,0.5685503482705971,0.9136461262627894,0.6341972190790272,0.7804464435483818,0.760427053753048,0.3651637180389923,0.08363898708317585,0.25230047359315966,0.1739860550886455,0.6116656691807014,0.5778811475275428,0.004522275147890387
6,2,0.06358248294038071,0.8771754943069632,0.8291546445313553,0.9883485924357969,0.876915299849813,0.5088581392491385,0.7847159562189506,0.35507992220938556,0.9173035252340237,0.6152700455377886,0.40607518060826087,0.35271508272169705,0.4043708890757135,0.865786041814051,0.636085938220053,0.1511823138055569,0.6388380680585419,0.15356357627342043,0.830515413507762,0.5940403857811055,0.4792235723563595,0.608751665157525,0.8390444064801508,0.4105657840857079,0.4525278840357898,0.2563382173876171,0.1266365610255683,0.9406151821486596,0.06401043417436292,0.8987959754624673,0.7955021975606082,0.11999207848797899
6,3,0.6004038793288341,0.3504613347995831,0.40315996055063863,0.3620307493083912,0.8153650435524454,0.17486804211673768,0.44051678992426513,0.5200410611526665,0.8643250846347326,0.10617567140405315,0.08910385204727544,0.04636349646181437,0.10203365790574959,0.8371735849640743,0.6175895343960841,0.07554668109944862,0.7516695564235586,0.02566863159603472,0.46186904606592116,0.5927368473334236,0.38584791011951036,0.08487263193540973,0.8291985668622913,0.5771375131446139,0.6910924300094924,0.9513035609845116,0.46281726858198546,0.8915470364278427,0.32494860306717366,0.42405264667038156,0.05377896580110286,0.7041651317564186
6,4,0.6427732289453687,0.31660984910913914,0.8304386100226439,0.8551589022309397,0.520709610521384,0.9469074361230699,0.27401218178260356,0.9164214732375264,0.7382381235157727,0.960913863872155,0.2659506400475191,0.47422051861809067,0.8931217103330006,0.6337262844645933,0.9015954359484553,0.2846714120667666,0.266637353412262,0.06343238726586031,0.5978729023236372,0.46173096383374823,0.48784668815649956,0.5092237906825694,0.7369126561790786,0.33930803174667923,0.3786948795110834,0.11063303435164973,0.9284121189555304,0.19649716161316988,0.6473966963899255,0.9248301910209521,0.6139499412262749,0.04075817509829183
6,5,0.8166720136193988,0.40327143628251627,0.07528378415051029,0.7552743540838327,0.13547879591388967,0.34721916170057743,0.11302358330617523,0.43430098201451905,0.6242222682542249,0.7240513765482701,0.7431721436457929,0.25410328025061235,0.7473835675219083,0.33740865817545596,0.10967480013249176,0.41292168908235327,0.8890465822579581,0.08471700045748931,0.5752247575079275,0.740292438071563,0.5440191311568064,0.8932853227518077,0.2862709379084756,0.3985598819731424,0.6332613882743755,0.5863959380529148,0.9463108313321891,0.5018811402863316,0.17431043945352354,0.06672208926335976,0.9034742775886596,0.4390745800662137
7,1,0.9292855694299688,0.9510284786499895,0.9061454163943432,0.19416555728025353,0.6916093034187047,0.8924367789446519,0.8895813575841283,0.550405357242503,0.6963439219084793,0.07367369069561358,0.8318341147198139,0.5867461561456905,0.973517755120504,0.8987397178145237,0.5135699711539276,0.9192612445394873,0.30270201560239596,0.8300152003347655,0.7693115027118864,0.41743183671087336,0.1727225838650761,0.7976154414576384,0.35452814237886054,0.7832722055206022,0.45581346045293614,0.4469757579989564,0.4181101647857728,0.43584778045980743,0.26246079846044523,0.9129223247800352,0.7954350329917623,0.2016226739294249
7,2,0.008168565978739606,0.13822424416227042,0.7352021444494325,0.956404798293439,0.31053537553980803,0.4629547708649543,0.4128375033144378,0.45874934472880824,0.47522722805445305,0.6898946585441356,0.13995511611046918,0.7531550777448228,0.32247384834254633,0.4220811879878532,0.23954753436556453,0.0745477259023849,0.2761597964830004,0.20680673633065305,0.8873714580752412,0.7608765454492668,0.3219889753491213,0.8127895923909559,0.8191691010564417,0.9327251248310886,0.312300363064541,0.3645843137175876,0.9591005287183506,0.9677635030778691,0.597529817559353,0.6137887899283379,0.5966165343912914,0.547324579329847
7,3,0.40308529833003404,0.08808391379544689,0.6159295186148057,0.315784448194832,0.2508184955026028,0.3469767565886491,0.096073552620632,0.6884552392869859,0.04156761305865486,0.3266644718839118,0.19877879809382193,0.6539214659513375,0.16239337657687147,0.5524548485025328,0.8998342672129905,0.5255526800720048,0.04193165559623846,0.6472369565868002,0.05913339616640867,0.234978248033898,0.025890025466195454,0.13972745162365263,0.7071109799852933,0.5270179190309547,0.7087541848872141,0.05746786885959487,0.8993199089663956,0.6642925396414197,0.45024922972727044,0.20911915131921677,0.49159081079247535,0.5037169341093382
7,4,0.2271567297941206,0.7689719872995843,0.062261270919366396,0.3839419987555578,0.37503911974004145,0.8449884798104321,0.2435663122487427,0.5333371083485018,0.8814644439646865,0.4161603283806,0.7791632174448452,0.3315548670046743,0.5346746703160007,0.8729713506354533,0.8408337361271486,0.5822790694064324,0.5975801695331304,0.012800859500307182,0.16258069626425353,0.7267969970908034,0.6513676149884603,0.4901245636643816,0.5876244511365801,0.4891806773229983,0.01883071199042008,0.6352503577546359,0.07538070850495959,0.27940304540597405,0.6580324331002456,0.8336382725013006,0.7332236327656033,0.9291979333089846
7,5,0.3368444826495641,0.6959905946814177,0.3044790584993604,0.7648585611773033,0.3250056840551262,0.21161352872266714,0.21976632603073398,0.12301801763911435,0.6231149207305876,0.8766076119594193,0.29627587465023153,0.6000980479055508,0.06940582043917787,0.5622067337004216,0.7410372268537957,0.40902335519406796,0.9651066551395222,0.19865840717249117,0.5688419368090515,0.540912699080418,0.17167797025711906,0.7763136385885987,0.9905500780339564,0.27653024642968893,0.12395968993787132,0.6872768707659906,0.693385828845344,0.41283962184885226,0.6572784076774352,0.670348046586565,0.5681060022819452,0.009068980352193834
8,1,0.9879264689510034,0.37076975843466375,0.7873716640276314,0.8164106982412597,0.4391300681568072,0.2629916362222865,0.5922410620842908,0.6179703259820066,0.9587747372757343,0.5117030374066088,0.8845302676048628,0.4556263776266044,0.7719734522804728,0.5894189719956928,0.46204774549590266,0.7503460267662668,0.49513896090778475,0.5198675538289388,0.6092100428972738,0.3717339619572271,0.6359438238580288,0.4203169314311772,0.24731488814861524,0.3851219731549598,0.3281530878566675,0.26374311618553625,0.7534220578559954,0.6747604054173129,0.38696062980988466,0.25857743973613423,0.5416200945669792,0.5430279703076416
8,2,0.9045514859123077,0.5964055735636904,0.7953060387473183,0.7321086791380254,0.14703235644091628,0.38123769103703165,0.24915347180119674,0.7056335089369807,0.03325294677343815,0.3959097568224542,0.051664115580817405,0.9332777745673575,0.598881422093005,0.402986363271824,0.28352351689085753,0.7189713560203961,0.684262663148317,0.7463381511226423,0.33348680798785346,0.13052764404290385,0.27202271072667183,0.8561940858744987,0.8827479209146254,0.17233441010954131,0.8793743379943086,0.5583217794164649,0.030993518594661817,0.23555799685270518,0.43101094750947877,0.1754642615170493,0.9822896441006265,0.8857581578733411
8,3,0.7982867273152687,0.6882420358859248,0.6633222575873978,0.17918819366975758,0.21010178319780715,0.9778321058444025,0.24962463524746015,0.8057713947021333,0.22094633449314538,0.7924919624140376,0.40637783409549977,0.8234256341460259,0.9301913445339659,0.5550928262545208,0.7001488826191411,0.8531721384115091,0.6999222794926228,0.750481080770692,0.23963626341484234,0.3295679244146611,0.04080731403815707,0.15267997700240288,0.5195678562942994,0.39901695030075146,0.49282771775391,0.2576213115932826,0.01897693238810072,0.07128913513905755,0.6328290941017315,0.17520028532878573,0.15553208812731067,0.9737735752954055
8,4,0.46489930653787614,0.36986678436384757,0.5662488403848047,0.07704580162082231,0.310347504929236,0.9918202999844646,0.23016583569212157,0.024406124223803727,0.32661430400664726,0.7545726708883865,0.8029302999020691,0.7408474688443514,0.6014039539695339,0.7711896294617792,0.6034000979486583,0.8854608835241639,0.01692308728365366,0.47337938934072754,0.8788175628375835,0.4704754700634962,0.9896835523830165,0.9173275673134327,0.0874324301244962,0.19088658306914819,0.3500000704980176,0.5269013935616873,0.259317170074269,0.5140486206269603,0.5015397295255252,0.458693335781313,0.983494176755709,0.3635207034733814
8,5,0.4738160363259374,0.8343965521433164,0.041392182816818,0.9706878834473711,0.14395347950755577,0.9545312727352615,0.2793649478707336,0.49687157351486233,0.6577374362901357,0.7811363080680929,0.18557424527486943,0.5162003217703623,0.007130130931657486,0.4388128385448934,0.024837571378618084,0.5697016122030243,0.9217365321592413,0.3322074351545282,0.7690310172563705,0.8049923368198393,0.8271960721941832,0.46828359062519387,0.7168902820303897,0.46216866830739933,0.6834866252689762,0.005908636269043366,0.4544332061896834,0.5876927829753487,0.33101568721136787,0.10392538134049611,0.5614287576005764,0.020576920887968475
9,1,0.5728836323039386,0.8122422205890549,0.8081706405476738,0.9062295443854711,0.8914570953638585,0.08808212995687092,0.4498689448086983,0.3833289054501847,0.1655069967170537,0.6757660551316446,0.03130881807265806,0.6860840355321521,0.07241076333146146,0.9353451389621178,0.8707533933593935,0.598613043812762,0.4816748573634184,0.27067997969039437,0.8553309198247516,0.9368950208870123,0.2435949617225146,0.17672874144372241,0.12450796635182082,0.930103551508124,0.9716972830552218,0.7235540029302269,0.8743729335714434,0.47856300539762264,0.47570084542389923,0.46608449257844853,0.1717736523121971,0.9145161240178054
9,2,0.6455964734840701,0.9309294238695105,0.49702548775103295,0.5078376521879062,0.4194404189952977,0.4529499292655459,0.4583493779720521,0.3650936381483467,0.7218684344871293,0.9995697785594173,0.9941070397635441,0.6602662155656456,0.705885693496577,0.6771475176714972,0.9839191425112291,0.7641348198116942,0.4442310503439504,0.9821183792679605,0.10639244568481632,0.14556428925704024,0.9243063967498716,0.3583823195449346,0.04860277765918197,0.3294040293257653,0.7716573183581232,0.20258070835011066,0.6516277395759882,0.8386350672950408,0.4621452065890619,0.5352461780206927,0.9944023833627342,0.047454385885923434
9,3,0.21836002519106668,0.2737908192278131,0.5639348375860807,0.6598737098753101,0.09399854733582924,0.05301610827178538,0.2841162194636174,0.7453615756178565,0.2738292211289487,0.9846785754491518,0.1677447231614445,0.04314698401932582,0.8783423107790421,0.4878119753710003,0.8270928636864556,0.9136846739304959,0.6102171780532825,0.1114477503175918,0.7022419271059943,0.3820597757661094,0.13209738044253194,0.5594957329826972,0.19245059908170103,0.8180449932465735,0.901527206021942,0.17513519866200367,0.6741694598996568,0.8331288131877693,0.6859459523563998,0.9009454735771473,0.12003426679599694,0.9283173872744644
9,4,0.07010677158609746,0.6815428802888778,0.297329676758063,0.3238469271940586,0.2738531892578261,0.683355173842045,0.8929686241052059,0.15892202274107903,0.5577461999648703,0.32208127178647383,0.41089229035280084,0.40276988085967536,0.6768480219410926,0.24510761914321255,0.5789351402347108,0.4883615348122411,0.05729284930706113,0.9089004260882125,0.9444667673580387,0.9556730230069843,0.42366132139543455,0.5774983091439931,0.9256610089736487,0.937267712394177,0.25456534088117677,0.5548190215931994,0.19844262818032377,0.30934583081271483,0.8250681522298356,0.7110301332893807,0.16162079981724276,0.17773637879787185
9,5,0.20205613625221952,0.7885610920534064,0.9264166327177993,0.1667829621917143,0.8389832388569649,0.48415887569132865,0.2684951438003037,0.573209529782412,0.20358143562050945,0.35461345870622907,0.4027748181522298,0.5103655361757007,0.8744569063230697,0.7971443181700437,0.04573299201990799,0.001577569193249917,0.1296216577895366,0.5029714614948176,0.4973594383005939,0.9028148272892804,0.12656363919800384,0.22527105322949836,0.6802441151194697,0.37246335277334275,0.32424088337576373,0.7256775434292478,0.8914161468217369,0.43616020100948993,0.5168921261377111,0.45563156015863615,0.5825151187033235,0.030165951798557633
10,1,0.36328429444929955,0.4492145229240896,0.846200201442287,0.0639703028635471,0.3203832831515331,0.3209097144508175,0.29648323117044295,0.43045415089690175,0.8623721976111192,0.6591988333897315,0.20311476215247914,0.8776363668435673,0.08454212089015212,0.8043371731342893,0.5745300701708251,0.41448657387559884,0.7088433252281383,0.9841942437037084,0.5637437932393403,0.6638618061408831,0.26804121139742487,0.2658887826858123,0.5260709713670708,0.25033746448374516,0.2987073373399911,0.8024474613675083,0.6147796126114342,0.5207637642301192,0.7511570955462348,0.5301905133482706,0.7071168520883303,0.3571302385841588
10,2,0.46863723179468053,0.5154257297041998,0.3949541509936302,0.5850057835723695,0.1020888927514888,0.48186277929792576,0.6013131185733112,0.6078056774416569,0.6676771419988451,0.32030426402870027,0.7728085162515888,0.6493846684379484,0.605348542748112,0.6084654382565546,0.03408669202389758,0.7019145133485265,0.2776181319557336,0.5138276020033583,0.9844207682819295,0.4507634392584331,0.12673666887509683,0.4939369439957949,0.08065090198390046,0.2908398983246797,0.4861561421281626,0.8136164263996958,0.4897749476819645,0.5191362453303776,0.9904918571805523,0.781158613333576,0.02858706855006521,0.4924121415554291
10,3,0.9562137416682861,0.2699112112754277,0.752568107137464,0.4686894033987016,0.17873696468891176,0.412112873793511,0.20683695010997094,0.6397328361574964,0.1779586140430265,0.03862107265402537,0.779190055191666,0.040497446222245936,0.584429368331618,0.17349768677115895,0.9527126074356062,0.7669334551760499,0.9001326507030333,0.6235942470510039,0.9474609654219495,0.9990991887191519,0.6303576811974787,0.019572858748012734,0.4451881585237295,0.9977883028604594,0.9549360307216289,0.1752704106635834,0.3421075056149496,0.9639222261244832,0.5978161190126184,0.10063431376751597,0.9278941133680345,0.9427441009200421
10,4,0.15229157915402225,0.49742550079334114,0.07261730959239132,0.3246206276308917,0.3124626512270571,0.27578481081751194,0.26967867291473535,0.6717963622815288,0.9538835751965576,0.15014623517171655,0.44379424670697243,0.5259425576382871,0.37243727297468254,0.8339941489342948,0.864829303950716,0.8294099637874133,0.844260179349918,0.710409832942702,0.4947668241097788,0.9985028511998528,0.8998036334079412,0.1048204580821096,0.03824987781283484,0.9620983923208623,0.773289425093531,0.9947347587860269,0.4476991744652281,0.042123382503046924,0.5548346191081963,0.7437514593578824,0.14621231598170759,0.5735967672777289
10,5,0.10164023562694924,0.32003650116268145,0.7978172139487123,0.754942423332374,0.9085008540027212,0.2571132472572042,0.015220849763413646,0.43623537221676356,0.1013368720024086,0.8935342631464888,0.6925091220874003,0.7794446076491967,0.36078577605562345,0.925468217884461,0.0684885373158357,0.06561838110993923,0.1566247889552812,0.48925715835937644,0.03556441886178752,0.9757263417982108,0.3504706960348709,0.7011111561832138,0.8248483265927904,0.6122877133007006,0.2831992432478999,0.46949000384348694,0.2987780975011748,0.9747871209299598,0.47663900234485546,0.08071096770906316,0.6350292047636473,0.7808992733237728
11,1,0.22208821236608844,0.13143855733711463,0.45319197752976326,0.1550292036992721,0.6722356983822607,0.24445365869894087,0.3223662734543723,0.3195181806722063,0.9995625537050334,0.1091878474149367,0.03161239312026731,0.6351604245710553,0.44105436067019055,0.1349912012649217,0.19397122495432828,0.2556350048169599,0.14886332329805796,0.7230417623287781,0.008876318552042184,0.4953562367093274,0.010815420657641406,0.8241035495953364,0.5556907885374929,0.6207993037240142,0.3800144576326485,0.8633971946565052,0.5117221093836066,0.9090602550445641,0.35390109122173874,0.8934630107111676,0.9944615833759058,0.24561857089157213
11,2,0.8525437268073645,0.6069586672160004,0.9045848854470186,0.10323049516624949,0.34853320272262234,0.013623322352218858,0.7408331986323053,0.7707360909399139,0.06362564097512546,0.8684807269669866,0.19048639209944784,0.7089608935857962,0.11381121864229993,0.3886360194657015,0.6057335865384199,0.886521080791106,0.27799057211934075,0.9310711663416437,0.46457556424671254,0.11418229505108302,0.1928946888149814,0.7395992115032156,0.7646626609539131,0.7865275854138285,0.8289019204375497,0.8955602370110093,0.25172064423383433,0.4466403326429037,0.08961210862886637,0.7746008935489193,0.6047169927707066,0.9045581258287414
11,3,0.867689822027395,0.21218218422729407,0.3554624566832366,0.0754447674623574,0.5485917523651476,0.9054420628248381,0.43357340177882686,0.8300009906483669,0.9226621438593051,0.7637980495626709,0.4879296147104287,0.7599755879050191,0.49948211315614444,0.21902448310605516,0.15702949140408506,0.6232844047639561,0.6521917961878101,0.5056302146546952,0.46043050151598164,0.9740587116616921,0.992125300561316,0.7531409508713678,0.8238676447243786,0.3025703346982219,0.4979379207364145,0.26524594755282516,0.7945613635874949,0.20229135581707525,0.11885626063537269,0.36154835238717264,0.08328165416508282,0.8680085181199655
11,4,0.10667161088110233,0.9622669720022629,0.9705894665511414,0.7086396616246474,0.6864403120613649,0.8693122098640318,0.31164426045498117,0.23606402236503432,0.8996668311440082,0.011967390836848613,0.2419682115211771,0.882360085030661,0.339651145589834,0.6689372072083168,0.09997725883004327,0.11027369976736101,0.16061853123584602,0.27447769082172224,0.7823352024639241,0.8909020895194522,0.19510309040545382,0.5069853840935716,0.2677000126103335,0.5366803529342666,0.6226580428365427,0.995900397324854,0.4330053159273939,0.06358752837521708,0.878479585233328,0.008454964945284638,0.4073038202498024,0.421980748665311
11,5,0.92214351621745,0.8527295217050209,0.540573470938084,0.07497961001605269,0.36542488288682284,0.4826095710354309,0.18268201336608791,0.1833279383532379,0.5540206276783745,0.022608738496871617,0.7305181688091003,0.049612405967690676,0.21064687104661273,0.37030524653413355,0.20275673498949076,0.1869466790416333,0.9583104890814492,0.29818110206354786,0.3904109570037939,0.7758477347037893,0.8438117277756207,0.27996415828162413,0.25632937834816616,0.31566535617103675,0.6401694859212839,0.9330077153015209,0.91048258073266,0.7093304585558217,0.6009513776637435,0.15445581641516415,0.6047884568991072,0.41342621497506316
12,1,0.07853213597422382,0.5291121861634028,0.6135002347219856,0.5322063455680286,0.715260727165291,0.38186310667740886,0.5127892314530599,0.8287482024149495,0.9172144935300037,0.503513696272942,0.05052433851224025,0.8316435609442765,0.627953898699694,0.808599855042167,0.7550364160761592,0.14832626087531697,0.4226537305001812,0.5062315978077051,0.291477461021453,0.10086439684145065,0.4999344793951037,0.739990372621031,0.18187890758976166,0.28185249856627625,0.7551788729656013,0.7016516504301472,0.8787240565739443,0.22909123578089274,0.6692639786747211,0.45240121455660265,0.17219755471853693,0.13190750679394192
12,2,0.9149854037560116,0.08018059128486266,0.662459776255476,0.32654754922343443,0.5408851230262331,0.5726175186786593,0.7311857355849589,0.8027439450427218,0.9136325511421756,0.6678045712652225,0.11559125997311925,0.8865311884983755,0.12661383278730232,0.41766957367216184,0.03228557584597591,0.9096440656426186,0.23562229772362797,0.8061570189327728,0.9967647610399657,0.8560587498763143,0.24681350636907995,0.011576138063579156,0.5469887496923252,0.5775245716548144,0.44704861551139463,0.9797263653209953,0.0010882429429915907,0.7315910164054609,0.45514409247736864,0.3129175074955888,0.9797281676575406,0.4199072109236106
12,3,0.6533452699256411,0.15652486085660577,0.010255722074700713,0.9454906016027792,0.6264077096100727,0.3916653175482092,0.44278749863752753,0.18374450424634825,0.46007591633677936,0.45069402438676887,0.01828233432426485,0.3734694965255747,0.11826873037256991,0.8595234739506676,0.9648874058632044,0.7339626390043814,0.11957414640816655,0.1858861677420388,0.5208458110280065,0.09925964401588616,0.19223179682659286,0.24828934902706545,0.9239513839439889,0.7963225136574122,0.24437614945759456,0.860030171436614,0.8174018511916058,0.09233278306041826,0.3024268681378517,0.7501671772293969,0.06336166362918505,0.3691258632643779
12,4,0.6299498974987348,0.15364373949497556,0.5278691015439939,0.11664371161526821,0.8296060582969668,0.45590537867245984,0.9066440827839432,0.24292113688807548,0.5962364040212959,0.3610024383805891,0.7376480138077732,0.45130876667446174,0.7683480226663729,0.4967646989415976,0.406432901485104,0.4106286721901684,0.7423601854447694,0.19292204536781332,0.4522916311065268,0.3392354238240146,0.5983762293915199,0.7037632250756654,0.08531841495000114,0.7241998843514508,0.19543946565002823,0.7567103438712228,0.42615231733297554,0.9067531793290015,0.43569282008100507,0.5483902787726765,0.28829798187475986,0.7602926403490865
12,5,0.9189349680973227,0.31169290719984255,0.4821558927325337,0.9366406942535624,0.7618243224751654,0.04410258482706919,0.5554408043799902,0.6148941218645251,0.5472649401375036,0.13670395123475654,0.5790251428872515,0.7756290115612234,0.1333166067339443,0.015058393919790913,0.6294245305034516,0.841309338551489,0.6440944512731931,0.29377794935184964,0.6353716059234507,0.2790042186795525,0.33423565672431754,0.5424736433664106,0.8968828724609375,0.19608509273100994,0.31338763666915004,0.07235616746050788,0.19228992852717242,0.8602540243532928,0.957804469094282,0.578398773754283,0.49016037234902543,0.33263073042870994
13,1,0.817150306907675,0.989866312157003,0.9907499991041939,0.9498324879501225,0.9429961156085994,0.8858903444691383,0.7954444113624456,0.3860768225225486,0.9997564565340268,0.46286495754392265,0.6614243893294632,0.3204664031029638,0.32726828326314095,0.6400569864095927,0.660185549523219,0.5112757605874968,0.11439590880140893,0.37881894442276887,0.9019573933409356,0.12062120021688139,0.8082654126719083,0.387224894209394,0.2940060425783677,0.9604781918026689,0.1922767964151536,0.45798621454156796,0.3090145599405931,0.16210339685092212,0.37792668933655627,0.5144740399759724,0.7987593697585015,0.6657498672805403
13,2,0.11341568289584847,0.9961982130659135,0.03951780417099959,0.4436912277443902,0.8682939232478578,0.7393580925960097,0.3778792058340109,0.2939715285324168,0.2544950031272961,0.43735777455685354,0.01257215171548165,0.6002428369004549,0.021546584770337662,0.7820117147917469,0.8049346543082858,0.2978585634305868,0.9632641091359969,0.5635207142473143,0.37327153835430293,0.3256550968133064,0.7342637159585763,0.48841639543128534,0.9450682724453493,0.5027449919193158,0.5848764550416149,0.3393674567065669,0.8136324485742449,0.593699471765541,0.3313547876784312,0.2515047680991894,0.026574652324178882,0.008024036437451643
13,3,0.48861806045273315,0.3837141823505038,0.28684907633904944,0.38889282895543065,0.03769489594269759,0.17571126668290538,0.17904347312721847,0.9015173150619202,0.6192744346374142,0.3846604517816553,0.07477598357790072,0.868458058940983,0.97177288539252,0.25868281917523217,0.977590364489836,0.5422576233893462,0.22244614332510282,0.30557683993765783,0.2142989211397639,0.9861669752541397,0.6402153177230954,0.08147779036692893,0.5755615493054795,0.8999797978318546,0.20665798814429448,0.36902718966568004,0.30597327106565575,0.9129874007597505,0.8444968607689718,0.4579836254073647,0.4045365227143862,0.5264483737813576
13,4,0.9989412042597972,0.5629729522730436,0.7704221677239035,0.23154527062778274,0.9561638858362383,0.9603602071368121,0.2874250576965306,0.10153636210184847,0.8078532911994956,0.31083026168794814,0.7346069540482889,0.933741851235492,0.6448844545049004,0.47320354694820344,0.19161667784816738,0.3234882828637743,0.4990486824727546,0.9319436116003756,0.12214026592526617,0.46158657660785907,0.9109327140011159,0.8599802585321678,0.4347489620411694,0.07589853328412899,0.024223989254813616,0.6703483000265944,0.847170241756637,0.7591880705389595,0.7088720163291794,0.6383093158787007,0.8452493653059164,0.8909233363258505
13,5,0.6947265398718092,0.30797931745862517,0.0712887915124708,0.3816200634724394,0.7777552392402673,0.3289072698886182,0.7390216723866502,0.6628113414441673,0.4981609603072077,0.8809484947458053,0.35444084799888176,0.0946285825160581,0.7562486629595222,0.3689316962004503,0.29977531649566236,0.3003747119000777,0.03735598525640671,0.1329969291961547,0.058255731881461825,0.4581195091331469,0.5805789181255082,0.3265268498936187,0.2780153871646671,0.5136510278077056,0.3620741434773036,0.5341081915690151,0.4787141659315822,0.4785427800660156,0.9051851936486651,0.8327596148504252,0.36819430867620573,0.09139200469723319
14,1,0.6012992338505102,0.7699420100479074,0.6758708057350931,0.7785409099453141,0.27435922866905893,0.8679823527644568,0.5486438827642335,0.51631973291865,0.12377439073347796,0.287852037495381,0.3292306137631965,0.513028767872316,0.5553586578976285,0.293462589352968,0.980441140141689,0.9448478709575052,0.18575363787079646,0.0956476556297734,0.06748369705559254,0.5072114099047572,0.4437722187944839,0.7376089187255361,0.1434579192239276,0.8345314294222882,0.634964910376265,0.056298685873058196,0.11112230234057685,0.28707958641032505,0.9666252262398639,0.28993175390588233,0.6199992660540657,0.48009456429001074
14,2,0.14930231813100425,0.3291973848326294,0.34523694319820397,0.0300533683903067,0.6093637628679598,0.17400621334629884,0.5266259889860475,0.5165562552652634,0.24773050059996604,0.11638049477941792,0.7369721737290119,0.9884521706562682,0.027764305176483983,0.4477096118402023,0.11056684153322383,0.30048090917048276,0.4919203298595718,0.5950697459685944,0.5091139646326495,0.2553613396338775,0.28536609426114434,0.374032015209777,0.5494425729410988,0.6707266539038883,0.6873750437058678,0.9589522792414918,0.19567461020285692,0.6927925910626214,0.6298040220240689,0.73758891199363,0.5954723742588623,0.2705846366767225
14,3,0.2518837790947339,0.9727423151989576,0.8221184667815692,0.48337155282142974,0.8443087703544832,0.7977557911041396,0.39693568777790145,0.724194486637149,0.04309395519653125,0.40638005613200334,0.3734785191987394,0.8994458785380206,0.20698275598562843,0.579376826683045,0.8796618838005125,0.1254749914110982,0.8542756477401972,0.46615786544699367,0.09709698598285088,0.571565499400837,0.5175605511795595,0.1510875178949097,0.003996547970776754,0.09646118016259897,0.34225989390358624,0.654347196719255,0.3814408413046054,0.612493571143704,0.04835078927719172,0.8694108604137005,0.5965840610248453,0.22519468170439338
14,4,0.832032016485762,0.7233345464357148,0.8099552651172627,0.6228029389324469,0.703401908107804,0.12231751835407689,0.9376189984133797,0.6405271305421217,0.6136570519444423,0.3728848474457577,0.9721778721584915,0.7913636723905159,0.13308707488906824,0.5626609540348145,0.3831768347201221,0.5565636714724203,0.08905737269180058,0.5946742519935675,0.5043513764720519,0.2324011359227519,0.2505385862359041,0.8061790310330469,0.5640683723632847,0.3326276687223998,0.8455430462396282,0.10849824823431897,0.11971543135021978,0.3339312440810682,0.7282589248842276,0.16402570481478107,0.03276578471278979,0.19067068517486796
14,5,0.4287899178772633,0.3139948373158148,0.34522302212071465,0.20331586263220391,0.09997183174725699,0.22617200085012423,0.6518856695990468,0.5495003996016073,0.6278960301293078,0.10155766039461356,0.7620724825561066,0.8862886465666012,0.8422843194525396,0.017879563727783543,0.9085323359417958,0.6266541313232707,0.123885826328206,0.943016785268799,0.8688783450126881,0.17844416202085311,0.34377630126351333,0.9022081725935002,0.7779813088838958,0.33479471420233076,0.9327697235664241,0.5067657970043734,0.6164428173532321,0.6253561123439336,0.4234371705176393,0.5111344375791882,0.32815539560988627,0.521420031590618
15,1,0.6265720153140346,0.16792398143281206,0.6241754081486673,0.589072585856506,0.8663736603158586,0.5261885545077689,0.3260572792233378,0.9731960119652788,0.46725811278429463,0.9784405882039579,0.1837017581813969,0.7141176869147818,0.13522603991463478,0.7483627295700995,0.5511896473855351,0.9107611373518482,0.63659021518919,0.17205321862274336,0.4332112801538527,0.9869124124596871,0.9658874726928377,0.5304714130337954,0.28560988797953324,0.5026786288208154,0.8550811562341994,0.7485269949611332,0.730001815573005,0.3309509509430981,0.10358806906312812,0.8757548010860096,0.8170726898110408,0.38217261969641103
15,2,0.621148362490043,0.45220519362207634,0.9776043889301362,0.5151973853194686,0.027167228629246254,0.8186747042418043,0.9893473704520056,0.3890442803589629,0.7836755383354012,0.686034647101112,0.3848790697005534,0.8353118592117923,0.15752025538584868,0.1294685075730877,0.755805889870757,0.3615306669850912,0.6877865995938838,0.988172415694001,0.10254821791867164,0.3685202896372485,0.933775502615033,0.31512000035177357,0.4634814823068353,0.3387620631901396,0.05294832260523352,0.6956147074784025,0.8032775702925342,0.939297724769624,0.37319701512815484,0.06952342776241693,0.06865607414750308,0.9769547909277444
15,3,0.9959657820787439,0.1260228876404783,0.529234321990361,0.3670101785541393,0.11525955046004954,0.5484236910793943,0.696882447509277,0.7662271842314048,0.07688761327761451,0.973907330210332,0.645267561394972,0.5125896701896361,0.0757618018817704,0.6474820245199295,0.11773846010023747,0.7053279853211534,0.8380880680057416,0.18329149344015383,0.6735236552630052,0.5700434268381003,0.5398693868710592,0.6489844027350289,0.9645529368474883,0.5250679188247018,0.1674060539425608,0.7755230300809739,0.7015050896823696,0.9744227524536433,0.8312207083798382,0.20129542795548894,0.19338514221439496,0.22098474677554947
15,4,0.9487355391874659,0.7017637671321765,0.75898403420014,0.7642941687403689,0.3022137262248219,0.31679606117533887,0.13377213949728084,0.9720107535511047,0.5660875484435555,0.02359455640049324,0.04503981782965594,0.985701990687344,0.47378558686900085,0.9374804970589877,0.36711798605715373,0.6590270996896439,0.08536580669079807,0.5110543733974044,0.2812027165181096,0.33279384008996926,0.18924426932153193,0.558056558256208,0.373930450240179,0.7602341733183775,0.49535252133960617,0.6195008856601246,0.815066809434801,0.7462567785841496,0.9525598931682652,0.7652083141497455,0.0014854879001134913,0.03691581508976971
15,5,0.1571844381554789,0.1927793175142245,0.13190785711758124,0.56473318053877,0.37529266614060486,0.6926679264237584,0.8123713315773613,0.6353735450769528,0.40371253504741467,0.6824627775618001,0.3868638786596835,0.2887995259262862,0.47695248857111505,0.3893135225503108,0.9431927134826043,0.12786400888667393,0.22380618899827098,0.5852361557801955,0.5997037794414904,0.9540405755844469,0.10637211418078973,0.12961319648562364,0.6267837435300456,0.3646437641689154,0.7511233476458024,0.9625704539324247,0.5743323037844469,0.29828489060228147,0.32574000815373316,0.7175013446458954,0.44884815639543485,0.0729658364468393
16,1,0.6470866205140028,0.5830754799154698,0.24090317542320883,0.6861485801957539,0.03297502605449443,0.14150988347532678,0.17459004636540354,0.02094330617727891,0.2762282010838437,0.2398527485317561,0.33169345588487253,0.49808872142261706,0.15971020282931825,0.22063487703240903,0.9712367973042788,0.31599272749696694,0.6920724229485568,0.10007904768570886,0.7216149651856161,0.12282386760762776,0.14181344561286957,0.03076544988399288,0.4410869566771415,0.6323208250965143,0.04624230418752362,0.2825238785660078,0.8953489007800556,0.04355729309968892,0.9705343230082017,0.2673808809537839,0.010865394476253898,0.6284571180258609
16,2,0.08516417120183128,0.3645042906432726,0.6988537426471659,0.7400211386083003,0.5127211109254621,0.8348223422054697,0.7129266224835468,0.8498088446431065,0.6215134449288948,0.5321035465567885,0.37195643703182835,0.19094077612782956,0.1367408801445037,0.2755671794261103,0.7747194822944925,0.1601467366153294,0.8631051286343372,0.16929125087881158,0.3532095983475144,0.5372126419015644,0.5509952148110158,0.02149367955707404,0.3578548722542314,0.4497506145394977,0.10007861414591579,0.83501502893049,0.4858914480811707,0.5892692433559706,0.3579130628924234,0.802181600472952,0.160600089239047,0.9179849616185295
16,3,0.22068549232471968,0.3666602907786122,0.3182938256356511,0.08280900159243498,0.5958598619858475,0.11015500938435951,0.8113558594641197,0.8310912278810136,0.29736402979376975,0.7698645429110945,0.6071142434800477,0.9829580829587392,0.7018235592394806,0.4068031999730817,0.21706844681538118,0.42908688824685604,0.6302294895958341,0.2870327977919145,0.28384566306538184,0.6931769470653496,0.349948242662359,0.3676148476260154,0.1963983611055754,0.025069818804336563,0.50211075027161,0.36234029673079104,0.013505787915730871,0.3731787676585254,0.7285782617101599,0.6534852734594856,0.8785627293787919,0.2774273303074236
16,4,0.5879693678806323,0.6123195966666916,0.6884191954558478,0.29836996587803677,0.5286236105182962,0.25224973847266097,0.1101053241137192,0.8606187667496303,0.9438101680108208,0.357252724861461,0.8150058915150041,0.531109211253277,0.20479310103878168,0.26861589731653834,0.44129768425705573,0.13858323874304446,0.84806320643526,0.2973581225389188,0.5087942195288563,0.3431134705514045,0.6794823449918438,0.7778044148692961,0.9994865476532265,0.9422003121436239,0.717266874229486,0.9275537274127426,0.8300667423337859,0.18860675474030764,0.17646816219694605,0.35831638525243414,0.4160794314176598,0.903448491452154
16,5,0.4074827799949936,0.8509658250834399,0.06849206087542747,0.9551966823349739,0.3076084294740121,0.8681519198350217,0.675798539891106,0.18568259138380006,0.9558679870848423,0.44090571879772045,0.17916719034682205,0.21629823426347372,0.5573780739401979,0.6024372936050798,0.017481380367227684,0.6480241203505728,0.49218952211738687,0.9759425067081282,0.4620472212256741,0.7659413792253499,0.18301884348752961,0.30573567625169895,0.9337448178248859,0.5862342101455772,0.6330573030702962,0.7039981737936583,0.892258922037847,0.6620332875377617,0.21482084679488866,0.19294538121302895,0.021038955890429478,0.8465184587022994
17,1,0.7723910380930618,0.7796859403471947,0.8611794919852219,0.3345750596069985,0.6292810288019078,0.535963822152296,0.7345421428379546,0.4127219352601512,0.036887189119231056,0.10907815245120134,0.18382957968843583,0.45197363497096166,0.08600514748525212,0.7612054226335896,0.3421083575774788,0.16992418366530881,0.6812418047090527,0.6781917619579683,0.1655931905887933,0.03912710266391539,0.1255980423560361,0.15709043381205512,0.1704910370529178,0.28631514278055714,0.12415089216603936,0.11523128605353605,0.3900829805738083,0.3454164439650027,0.05559675152706367,0.5694870336318287,0.2533726944500466,0.10339457919430783
17,2,0.9659359996533764,0.8781032280505178,0.3862703301970777,0.21814789928885026,0.9999449356507696,0.9875366344966781,0.6332588026358711,0.06780927607763765,0.22872871654513272,0.6106616297045866,0.08363150021221599,0.2480699435733401,0.4812611102751957,0.6407829402663955,0.21897013706381896,0.6070550539991142,0.9122040658060573,0.5372883042112927,0.46103926958708685,0.8782984328796315,0.1785414238755102,0.5278333938965778,0.6712222497627451,0.552047042853233,0.6680783163366697,0.4397227588638074,0.48571959672095055,0.12405223914683172,0.6677933573876137,0.9921987311690268,0.15758074411598955,0.6642305272949605
17,3,0.9493893839271936,0.21189459718964387,0.4254451754097446,0.5647113326281034,0.05641402809160179,0.4923910227718612,0.9242345069038655,0.35666973967906257,0.7742029497107623,0.5615086138093215,0.06228116027253827,0.8496168500264077,0.7822160907741771,0.5296949295261614,0.8813178491675435,0.6605619152467447,0.27942213131177696,0.8091908639203128,0.12067113065701218,0.3983918479940244,0.39885120224959747,0.7177810173603375,0.6795697640865457,0.09464942360598672,0.8059838656279931,0.6724003361251762,0.26974556293286533,0.7166091469103625,0.0248378744379395,0.4739458232397743,0.3974436113115287,0.4568131290731826
17,4,0.919350479901056,0.09748720908020214,0.16212936319143822,0.44379035163534164,0.8883736206004653,0.4688004919153266,0.7627612208539861,0.8834209128802922,0.18254026429210257,0.36551277971886176,0.06432216374408817,0.5460725520304524,0.4587488694526728,0.9590759127704896,0.755199107495676,0.6821314170791596,0.6073164151791836,0.4661179134425446,0.5522832161036593,0.9949845756867363,0.21588795713678133,0.214977298475879,0.38975459029239234,0.8533330091049492,0.9646042285364552,0.6658279306884873,0.0304739244093456,0.023014011378897914,0.5946053686902139,0.47463808594787626,0.9008484629820025,0.47918226723960755
17,5,0.446180527705204,0.8424394752909202,0.8229191062508454,0.9601721382794352,0.2579419055674965,0.2625920179839436,0.1143240123308128,0.01023540187928107,0.426595487804439,0.6051674865078409,0.25385875570876726,0.3486065194166137,0.822134353040831,0.34831282934326024,0.9816319107404412,0.9081691975434452,0.9447153471895676,0.01532291680500042,0.9853448855031947,0.4534587825127522,0.3049735057393741,0.2031156234386844,0.4136093999308609,0.00588027618083975,0.7179273787528541,0.20363614123488816,0.08357771132662917,0.3161064339685651,0.3426823212948569,0.4846204876798067,0.5094550469744655,0.11754403404624203
18,1,0.6176460287746667,0.18091425859602872,0.8656913804313043,0.7791590322571187,0.78401726438903,0.19054238352623654,0.9525408773760604,0.3872843819337981,0.5742017579476734,0.774277014161838,0.12037089949247504,0.43200751306442575,0.46054585592943564,0.2502178706868814,0.30174531817694816,0.6360324322511025,0.8288369568316998,0.9849827297589304,0.8935264057344168,0.15335094674388194,0.20554018302480392,0.9296641541563506,0.13702505147261657,0.7971082404723068,0.48198790369319555,0.247083761981568,0.010958962753936263,0.2476708006196019,0.3468291020504125,0.45309727647353426,0.1306005066360697,0.9886817097522149
18,2,0.7100318933142421,0.14194861632285127,0.9744674547823412,0.6338704386734683,0.48706432948503453,0.006881332600952361,0.04903219723644303,0.8144019709449821,0.06202665933633145,0.4329031243615228,0.9596322787165434,0.940497429479357,0.9794080639930295,0.09897775287880228,0.9292972243454554,0.9890296039938405,0.8280786768258722,0.36341393935709165,0.9622785168367312,0.04174199108452448,0.6333236194034142,0.8585762087443641,0.02800662885436611,0.6794684670560307,0.8650198183218107,0.441242362285049,0.4764449953812454,0.3355995402176647,0.5822896207479865,0.8722066175952944,0.7968959668120046,0.10561804054214485
18,3,0.18028021817633377,0.8022104957824389,0.2346313099028774,0.6178590498499652,0.542844559958004,0.8723210339250924,0.834625018012196,0.5168610112920845,0.6787871503687577,0.6077715349634694,0.9357461114079698,0.9783536030020407,0.4151448333701484,0.9278211517533838,0.6824035065745437,0.3952241006670415,0.6707229995899683,0.7151461675172284,0.7055223627838944,0.798230981196209,0.4654167696645217,0.026016193445450253,0.11841988576871731,0.570849638372927,0.9381964983119798,0.23869980889310705,0.6192578190289539,0.9936342372987765,0.17577608991028892,0.8428634290656686,0.5601307737837858,0.7808871407229693
18,4,0.3524737092187086,0.001805671439614298,0.5938963682124967,0.2729703282042588,0.5631746610251462,0.9609581320321274,0.9677372872480706,0.324931792979853,0.9235115098186472,0.6042149774840411,0.9017250260185322,0.39218483077062216,0.9569354027242086,0.3016749036865011,0.9325373600077946,0.023814375882363126,0.3446660027314782,0.26216599531952767,0.8364732700732547,0.5297100203562412,0.4231734080806342,0.15176489892785006,0.04266742831031489,0.07120573013444853,0.21912172566738475,0.2229157954311214,0.17149986794899885,0.9032785106719708,0.962348522448316,0.4413675587197141,0.6516078350150895,0.7401536833912288
18,5,0.25600726554586484,0.6013780735905914,0.7033370408450715,0.9941145162543565,0.9744607530739521,0.06378192012632034,0.8027789984263647,0.4209253515962439,0.5949005525002552,0.15578593556952847,0.02793750912276116,0.7874940768227363,0.7725968461695822,0.1558305953960485,0.7978910870847062,0.5503322001108549,0.9295849048366629,0.1694997628965924,0.40847639035614813,0.7831140184437616,0.9179785868128434,0.6545514386951294,0.847521024548106,0.9420113602632281,0.004842147561917254,0.8982397318563584,0.005763242870478025,0.0251519172353194,0.038821827994053204,0.9910854970169787,0.7353446990838151,0.7057383105525442
19,1,0.032718417828162094,0.6305827420638016,0.7602542799459525,0.6852269976255507,0.9911153556186072,0.8803453190463846,0.9509488079300324,0.3674811127333447,0.16156461127417365,0.15268227859960115,0.7130478235677643,0.7052863448186033,0.07501830367669915,0.9956876212331156,0.7499877504065147,0.14257795015394603,0.16322139267292946,0.13873325082046328,0.3274860396980108,0.7794355053164957,0.4951579366390839,0.7148630547763521,0.4840683262464164,0.9785036823279049,0.5917895718554046,0.17447934492585637,0.10433221146194538,0.9030384656581715,0.34722849278786394,0.6672561811442312,0.9130725784830767,0.5126106395682272
19,2,0.8631196786675724,0.44955134967632415,0.6183358055642711,0.8301160426846733,0.028436298384102887,0.26932573591192344,0.44256946681543663,0.29228152188150003,0.43154945116742616,0.796032588067214,0.8378912262206311,0.6849383974618307,0.9933139707290622,0.6691746479488232,0.2436586938864811,0.8134996424124491,0.4517645837523303,0.8152175098998409,0.8519326253550031,0.024223911283492883,0.06992162749971009,0.6802389724260168,0.11299221289659489,0.4861619840520306,0.2932141227348639,0.47403136820780056,0.05254917577274898,0.9295709339080089,0.838308076794417,0.4064949535285157,0.24189112362383958,0.5775240583854695
19,3,0.49958428297768154,0.19611496892370528,0.751188286540027,0.2168129523460388,0.17406207545589059,0.5967111800187685,0.8973631600533796,0.6784074347964986,0.3007408116942637,0.04670644692594661,0.68660528051056,0.9209676697841754,0.37353359828470833,0.9621613335630146,0.27230509477371034,0.28718333228998205,0.023367741519305096,0.9015263990576644,0.12179697772869469,0.00023237093913253126,0.136999124427176,0.5905494904327332,0.8269314224795916,0.25809999893193636,0.15294024967872766,0.38032802014099776,0.17604085389137858,0.5117513077099286,0.8729612584796994,0.13528815503192904,0.489678680436454,0.9408658641644042
19,4,0.24124817842256807,0.4164160567373938,0.6799593972311024,0.20597079980202526,0.8541973457726165,0.5472342631891396,0.546366793893306,0.4889515879287155,0.09743596057284798,0.682695613772722,0.09613754851643608,0.3714495752387974,0.5791888079215188,0.8640777129599361,0.29182236734447164,0.11250337902724605,0.5857211036810474,0.3743321362874935,0.4872699979267753,0.053135685020237466,0.6059300009846258,0.8837865522961842,0.11746028845227252,0.35077591696990207,0.2530579352892407,0.2063377704602929,0.032648964450792906,0.9392818100641515,0.8921490953835849,0.20249629302886285,0.6443842242888936,0.5055300788328855
19,5,0.858595518489959,0.152320851552887,0.11473640845794852,0.7457419213435438,0.16079122811708235,0.20537428854623085,0.02613695586941167,0.03996747790018795,0.20050574107488728,0.1630110385790906,0.6720969966335781,0.8396548346978892,0.5597794744326267,0.8036327444747293,0.5564135098453612,0.7225166072639142,0.39548144793991713,0.48986660564205153,0.4569540422778883,0.3273184720745015,0.6018549455465917,0.8952093819141049,0.4885882484878459,0.6121641442464782,0.6827911405105108,0.10496411976943953,0.04017564272995244,0.005781476937112395,0.23114928924776423,0.9891184442381039,0.029881593081428237,0.6521591841805109
20,1,0.1716339151931373,0.7215973978448931,0.8588865119620798,0.8255190114561318,0.2856756869345174,0.5530631440097166,0.0508250341207408,0.10477799360328732,0.818596292441073,0.9154067331092076,0.6993814985171566,0.6895696101180786,0.15164120681604254,0.2791636454287195,0.4079445203860075,0.2504208789256622,0.6694056505810908,0.34260166857315466,0.9242942704815439,0.6082475561035869,0.66330348207409,0.29026634636262993,0.6774754552295187,0.6915598942857302,0.05198481992111825,0.9913991841902957,0.17070914305611373,0.33624724728921795,0.3327404699648874,0.5319341428033084,0.5753114798060451,0.4943629063404855
20,2,0.18140057061789816,0.9701487532633855,0.8011975265714715,0.7938080333303901,0.8011704240853824,0.6533385940247424,0.7896298124891115,0.9178195819451167,0.6292305474118106,0.33655671979673996,0.15165730213892803,0.9962528713429212,0.4720750093423457,0.08389517906777977,0.6385073723138395,0.0436498322306893,0.5384506697224891,0.986929313224938,0.8502725107388072,0.6116493720286249,0.5213268715053424,0.6156197151806316,0.8809160170699666,0.4824567044590362,0.4294075890441351,0.15042316751379148,0.17248241562965683,0.5437472129762816,0.5820363481111827,0.8429444339339184,0.5486617198951079,0.4840013097368516
20,3,0.9984232162908684,0.14844810407455167,0.4716936778552273,0.6560373081588513,0.06180187638819812,0.5869003593491906,0.3230977195848669,0.8691200647584123,0.45878103126386527,0.6990223458795849,0.5275641545066538,0.4269235711599002,0.5860898182696105,0.10462900329865321,0.1097006508282452,0.6816761377735739,0.3716645362208705,0.03418123048670163,0.5445359674268601,0.5455571850639594,0.7446124956660418,0.5276406135449749,0.6567186155448206,0.29616956217144563,0.6571076955373786,0.2198254931819098,0.9364131963610562,0.5956614726672328,0.8895730262739503,0.8822636205151546,0.642484347761149,0.8808157840283958
20,4,0.3113991608840351,0.5058594147212595,0.6556188167275869,0.4499663468683406,0.7946389354391951,0.25657244640491794,0.04259299843472919,0.24426854086522298,0.5559492465529283,0.4153667526200546,0.7341108620966523,0.16846851648081884,0.9050747791541665,0.4205779489594009,0.34388696857979284,0.3203590056316109,0.38501370320380857,0.7669705067938142,0.2181139962886529,0.8950875013282529,0.6560411472694687,0.6040094733575655,0.40585697205273985,0.9855143106953523,0.5331825137094225,0.7570115787717174,0.9709457134346143,0.4852261626527552,0.6330486799630316,0.33519257536953084,0.9214093673774442,0.7013831158260219
20,5,0.6774825468857052,0.7458699996754378,0.7237848509380281,0.26870855413342876,0.937223240082137,0.40684818345825735,0.7086788438696404,0.3952003711575529,0.9674157258057365,0.5473307666569722,0.6364405037742527,0.8984358244901335,0.22956985678905606,0.5508070847430947,0.39822627236776265,0.47555739662990326,0.3846176100321008,0.5500244079519261,0.2868143871925988,0.22148922917091085,0.3784857119767415,0.043726581374606055,0.14403779048337095,0.9190087684909689,0.8388822664509352,0.19876801914956876,0.7692839425270664,0.03638182188792238,0.6472670563963676,0.5836928492274168,0.7758097631673176,0.971726317201137
21,1,0.648875354932604,0.3753482332435747,0.3668122073386615,0.6195411767047923,0.22435726128127476,0.6643040477758274,0.33921242519997175,0.5131398338259929,0.8725162277580689,0.12308124444783952,0.34867448134916923,0.3867477211880824,0.4408750959977843,0.048758973514356985,0.6824213441136486,0.9805347580651393,0.2729118257833263,0.003261093902612644,0.3450834690669031,0.19779176477033988,0.23601485764040786,0.23536506290635728,0.5006564431775723,0.6622324924120437,0.3919829919227279,0.04090553386663043,0.9945407317782526,0.847660006300934,0.9395162090615924,0.4235608077974198,0.9795404868167971,0.012596346461469343
21,2,0.3029773649565428,0.006084521908272578,0.5572466165782668,0.5250109539217072,0.7883165230893411,0.2871139110041725,0.053259249187368574,0.8064879857731622,0.04783048748005314,0.06467026271778431,0.3409527488233154,0.5855497578685289,0.35606675584372194,0.9241912068076698,0.7459008471734212,0.7844495657902849,0.0007845231648297979,0.4379807335964603,0.8574014406531675,0.9441554533068666,0.9285510662914174,0.8809692460657466,0.26719353757362185,0.5624731566062163,0.26283068707682244,0.5891038874064746,0.4545969738862593,0.49330628126801634,0.3356234677302218,0.9901634249748484,0.021618531070729086,0.33877671827307987
21,3,0.082072498233135,0.11257581114671833,0.6699017508369666,0.5037704558319178,0.10372829566154262,0.28669442301312453,0.3730574249175376,0.07562464688537651,0.9399004791788084,0.29053142658834996,0.9142336074348608,0.5772726934481718,0.3914609522940422,0.8247001716896525,0.624089843785076,0.17321155075879202,0.9233934356659805,0.13642635379630375,0.5283312600826688,0.4471371609317819,0.8498964447743612,0.27010324825238874,0.958792361926865,0.45025296628493516,0.8043633844649912,0.562103509685056,0.053148380395676154,0.5743064605452685,0.6988406527683656,0.8224417810436295,0.7948784359296033,0.7809238284738623
21,4,0.6251329050814627,0.7460604624792853,0.6250827718638421,0.730188524389112,0.7926103251995983,0.11286989321159846,0.2692791791057799,0.46974162106271844,0.5430278108916692,0.33769233875372484,0.6629779177242208,0.8407418111525111,0.6932035186292519,0.8748268174681384,0.4134809677719451,0.5852834180293744,0.9873595144774225,0.615406269860686,0.016335471859731943,0.47833772976830413,0.6976609219774482,0.9328372622800655,0.8312144618286906,0.9993884831166112,0.8021255409805513,0.5797057919272248,0.2218300599542894,0.39929886606034015,0.5900744545651585,0.7666545512998453,0.27486480266263014,0.9491757651909708
21,5,0.6426956469958494,0.6977413180646359,0.6159982899423467,0.4709539313455895,0.041213337886076506,0.631878274487807,0.6410612038694004,0.44419292382665165,0.9625170978735886,0.48054625167391696,0.06856973325996307,0.3701840706972357,0.9228436746379848,0.9695092369481401,0.5479113321727612,0.15109060648992167,0.494605476885035,0.9295846318541531,0.19575995506100463,0.05338978197284161,0.8079018439859129,0.8124514735626246,0.6135507189732763,0.2968286887686675,0.35704042232954936,0.43007237773230067,0.08378609028985762,0.8027915874967809,0.5131806932241251,0.44061871084373594,0.7142375618698014,0.7476637553974699
22,1,0.9989453536484737,0.9719599451771057,0.8543202888079616,0.892078016688671,0.44230215020967767,0.1765536879193531,0.3550705230562403,0.7966807503032283,0.7186125689825267,0.0377099815177494,0.28401089726089523,0.22048496372688742,0.8397568754342507,0.21449328430156467,0.5419798053059158,0.5934529195198021,0.49689253026060465,0.7918388107522598,0.06524362031250674,0.6824108969675284,0.20981152278029014,0.9238424465892048,0.17626514528754722,0.2610795232147749,0.027409772353802042,0.12109995372679905,0.5432879469443543,0.755304813366947,0.9465126989275534,0.6869948996447836,0.22774141608023524,0.24152320077359835
22,2,0.616508184660836,0.3996221344177795,0.5104444550154197,0.5960996413127233,0.5064162538612147,0.5828077049614374,0.4928392658438272,0.9622871809462779,0.7927979226463097,0.40269937589790816,0.1814944977624472,0.2736323645261667,0.9459717716377235,0.5244335269766297,0.15930106062916305,0.3446498789577299,0.7777988840890155,0.19790653445680406,0.795720949057039,0.2407867075007355,0.17730095903520626,0.6583691775919561,0.9567857719650597,0.7693401949224874,0.010456136878330913,0.7535368264844226,0.5782046218406415,0.1667014576081448,0.12452792644284816,0.3688249118999154,0.7447307422515835,0.5535690397989625
22,3,0.8299335813682445,0.4906628834089156,0.47335514129034695,0.040323506914171414,0.6957411618815577,0.8447755666759832,0.6915717304523563,0.6062794039523245,0.8408481744360945,0.45056192054812094,0.2667641220647853,0.12937118547322557,0.9022570986464474,0.16361374775280324,0.21827189195102525,0.24561357032463538,0.8839416585541782,0.4793648312283192,0.11577423986207147,0.822256284938217,0.2544427202081916,0.04496861536432506,0.17863846276570394,0.25648765595180223,0.012543820981897325,0.15609349036463693,0.2031326194537193,0.9984470738661639,0.4575216702324153,0.9083684385289791,0.2306090336446146,0.7377880083768014
22,4,0.06337967715864301,0.8954226001454804,0.48892329155316483,0.16833833002088672,0.1666691946558132,0.6802122501792006,0.26665191681358613,0.8229218287510212,0.1265882469300278,0.8427746000337701,0.6173474355178333,0.8421306885271959,0.6207672459489856,0.11877229198154082,0.3087168561928304,0.7508116837949383,0.02658172385623847,0.6512711264797971,0.4742855880683934,0.013273455160508263,0.08187561298712276,0.5594690768561407,0.5481198136165539,0.8247467877688944,0.7378999503692149,0.6677339354141718,0.4369638826921963,0.08410904452231771,0.46220793183798337,0.3970803962262398,0.24764464072744807,0.03228582577979855
22,5,0.2995560533455677,0.9447943758915224,0.2451752988958985,0.15363357710011094,0.1347227753963487,0.19600050106594402,0.7028274271220568,0.6286746271545935,0.5171964441674953,0.4195116558179147,0.30964218504410235,0.32700167897131793,0.07739192145076401,0.8080990502006331,0.6025450454732164,0.5489526876355821,0.2894294748037065,0.5755661393700249,0.9026597280404602,0.6175752317761968,0.9288822591056923,0.6298018490996393,0.25194198097659737,0.594299984071774,0.3068379286695302,0.7666969220702308,0.016570398610291637,0.5102054882452183,0.5403519620603904,0.26750498973991177,0.8560833312424941,0.9708605150893005
23,1,0.36778562573140294,0.8025199930581375,0.6008844226206563,0.2971104011296619,0.9108325441830641,0.21711285779981915,0.12285683479235798,0.6139206102033444,0.35790936938388407,0.07052626369492265,0.8617650218889576,0.39682804889000445,0.14606540711200056,0.2654927933966883,0.33978854512985346,0.7631424444533396,0.40214077736823295,0.6895256615298623,0.6410177517175792,0.23248366231509565,0.4249275703744253,0.5539383423325397,0.0807872056529485,0.8930875358427413,0.06638602854298636,0.8268505426161116,0.7979732688707137,0.23886544702019508,0.35996182712827596,0.540831394024213,0.00040880680244759215,0.23494446356989906
23,2,0.027566506646576894,0.09539921341043944,0.9947091013260297,0.15579775143782826,0.6314150660018014,0.3799358892382062,0.08196925377484421,0.24473770309643628,0.14934021488722626,0.6418745292691947,0.8980845375639259,0.3335260888859791,0.5074841013198576,0.12731456553723564,0.8953433877669666,0.5873728814169881,0.8678735660628807,0.2325132858962513,0.007663915454863113,0.004660039180239606,0.21159194223725208,0.8766188550922398,0.14911590548922216,0.8310912842696798,0.9382197869361713,0.3444180837845272,0.2141233779428856,0.9332972549988952,0.28197013806804583,0.5953865319614293,0.5780312346818495,0.8338371534498338
23,3,0.2379059139102644,0.21663223160676282,0.9254026743880891,0.754245492401201,0.9959727797269408,0.9158631203874423,0.6173790738935824,0.23623243078491252,0.6803770635601765,0.7981504212209917,0.6155221761483151,0.16864861611630222,0.6905019439129686,0.7911070563727272,0.19898379901413188,0.5939956160654348,0.04943866779411166,0.8432593787439326,0.3575682784118329,0.5610131066540253,0.6019410956012244,0.7117437932015542,0.4191280977824323,0.6002843111701301,0.7453826550537407,0.6345193597182148,0.4117024382636548,0.5934839356425258,0.7502605374809924,0.6457461731854341,0.11731436973729403,0.13989233391173816
23,4,0.835478251276597,0.8040711149688093,0.0781315824976444,0.9009808069401753,0.23941877232536202,0.2798379311277872,0.010936946791680446,0.9605254007497767,0.7977004751031094,0.5809962683712874,0.049616938239712804,0.6206920286967219,0.6999377085758695,0.9912417320970464,0.8922907881011187,0.8755283344149427,0.6690347761211166,0.03880945329833396,0.911726843734423,0.03316677589619421,0.19034211089330488,0.5172718881748597,0.6211169275909718,0.1333855119277657,0.02014249161967363,0.8930484091923362,0.9351846758132228,0.5594489297947433,0.8686327859762843,0.9025216116164457,0.9783665253774121,0.3243831035517488
23,5,0.06198409522559856,0.9368218226689004,0.5205519526079629,0.2612221347363659,0.7509413165191067,0.7604322017487317,0.5163070768080723,0.09412317234582401,0.7685176149032857,0.6576183376776527,0.6933986163979845,0.09738584039117604,0.5919497081325555,0.819478028532302,0.31365983473531,0.693044648952357,0.5676200693711468,0.8141016728151234,0.0022054823039338034,0.7200861296029031,0.03253741930747733,0.428409909978389,0.8905030753348206,0.14991065124369596,0.5738661303884538,0.8503206737802316,0.5485343399499646,0.6746715647062356,0.821231989315674,0.3397327879126404,0.5888991024767962,0.9475910771513921
24,1,0.6498517254129463,0.26857131605361795,0.7861288244150336,0.7307594593572997,0.8430420776052616,0.18692143194087585,0.49960922115627715,0.9676451188804871,0.47599915915287894,0.6202246348859929,0.4179453641127123,0.4222734378878339,0.7700301941603981,0.7188883000013045,0.515831882556452,0.9173712696109426,0.5826080758733709,0.9671283097610078,0.9366245794965842,0.3598592275864271,0.3404588041232294,0.8928628428490809,0.8701562791809985,0.09103900647068797,0.27006159907480354,0.9670720693967748,0.408849798906031,0.9280653532455333,0.19923771527638656,0.26644240191461155,0.8995855730751378,0.6647074319255752
24,2,0.26899754847942514,0.7572029712098735,0.6821679955101595,0.8556244045478189,0.36480681152754446,0.5298896287213267,0.4803554447938647,0.01132591948986661,0.8187666068748602,0.9545598020533229,0.050975017651531895,0.4125597398867896,0.08716986274164407,0.7015881030138098,0.269184114056358,0.9418815539830894,0.8276326752765139,0.0158523918583221,0.875220582944742,0.8729614936669337,0.8231563224656894,0.34389728700587985,0.6270878815661238,0.7549144983404195,0.8224175890338643,0.6178580392908772,0.8460882744928696,0.9082411865644024,0.6742561913732553,0.5911952038242962,0.027946032695508993,0.855236398573295
24,3,0.7752734830221862,0.6902142885767564,0.3570291830315452,0.027970635170086466,0.3534242369324191,0.007684189003216435,0.31675127334112785,0.7224213527015753,0.9111155594403899,0.8691843399830824,0.6322847404389722,0.6798336731276097,0.6206647293103651,0.41029960994788683,0.8796381119650577,0.8559160449441642,0.49422173086074117,0.7435030186654592,0.2858934071902254,0.7576642956526104,0.08118838361708369,0.5465300065522647,0.6369309197781514,0.6287399125636042,0.09244667259418371,0.5489414122307135,0.6046042218109382,0.6130667758139376,0.08043911814303828,0.3232329323688995,0.9922891002335773,0.49443312643970294
24,4,0.9058401719329864,0.40810113520072744,0.5413891982304428,0.3411562562006647,0.29792513351846717,0.4848351311951069,0.1822275031475542,0.22505879723680988,0.31095553532678266,0.9291906998122151,0.220990810352783,0.49200659988220063,0.523821489992089,0.3275968226158469,0.9337945081054623,0.6556647313369892,0.7865344313462265,0.2530775888071777,0.7552915130071505,0.6369136382748591,0.23872323842606824,0.2279885216715385,0.39749600308627486,0.6459221328684545,0.37940268744670824,0.461324337602544,0.8347262548277978,0.5004369647396463,0.058176243389389204,0.7551190093896667,0.033972951701153664,0.7489678399295333
24,5,0.07417587283247185,0.058782535357352006,0.5399051429509574,0.44359860698890563,0.7941533095553028,0.6869860681453841,0.05210264979351675,0.5501815207495236,0.44127927791394905,0.604094682769007,0.8389092423738457,0.7052452589005554,0.43552800653828927,0.8961313201708945,0.2826233775121132,0.0406026306306867,0.37946697335229207,0.43039360531791027,0.8302011585084167,0.06840604796803995,0.9925824992029846,0.4708860231815861,0.6876070216618394,0.9595758856278616,0.9326533795380489,0.9399098043997035,0.7214445284726397,0.9175065913898743,0.7415783280682753,0.20176778919277483,0.4564733826590298,0.26151036699062624
25,1,0.7057301934387417,0.6217531219542487,0.2408245327636277,0.5115918654164862,0.8191633718891234,0.6063048540900494,0.4981314380043358,0.8975994972305336,0.39460007916322737,0.7577132027631961,0.5880722201147667,0.6473559276872601,0.39865241848881783,0.7763445761673429,0.15122173255934945,0.2754560577256868,0.42390934385310497,0.5918704832222724,0.4299848771326069,0.553295497706999,0.16614103272951808,0.5932185083946359,0.19650583836281865,0.05961986959312782,0.23971258673087648,0.16070233970829662,0.21533800546518433,0.5928556822536056,0.7957368057881082,0.9832855089198272,0.1672748747997702,0.47639129555611015
25,2,0.5110855875366916,0.8200125814650518,0.4765870975767518,0.6298786460055519,0.2121944602693151,0.5005232438813454,0.7295050296763388,0.43374633689430064,0.13443355592670359,0.2792328203461164,0.038718131626429564,0.20297456053825003,0.1686249845483373,0.6964142942892656,0.6390676806694704,0.07482209067087797,0.38140207845595775,0.7005965955554585,0.7997131590214002,0.6466469995325008,0.35775332063853316,0.401855146230207,0.6896108906501448,0.21377244985020927,0.8552245494258589,0.594175200051836,0.869609200967968,0.8706825236382204,0.5209723015550842,0.4383740427960888,0.6889441992599092,0.4173329497873456
25,3,0.6034035235429673,0.04441200119121602,0.33078567106998635,0.9667092001417802,0.4290394707173012,0.36300807182689665,0.27573436197934764,0.7388710407268165,0.8302952715102463,0.2748984067865493,0.5353376826259961,0.9069317685674251,0.826056729115197,0.4350533782831375,0.5604073204496982,0.3972304751738416,0.649448336946956,0.49957217451316427,0.2853754766366028,0.3174861652510116,0.08092898715763297,0.24518726163852955,0.28828152590290723,0.4950134842527236,0.9067454654568751,0.06854785197290425,0.22778565878539614,0.61533749288581,0.07512750565768123,0.2505577657491176,0.5284720345576066,0.17301678193623693
25,4,0.13014390802141262,0.25204659468182944,0.6403016912769487,0.646161628115517,0.7515195461893733,0.8909645476804194,0.715555166842611,0.6172493366178938,0.7322903954593184,0.1652449717025687,0.04320265075560059,0.8530341191593191,0.7876412629314112,0.7732988345878133,0.8305587396777709,0.0540994742901989,0.17273301299650123,0.8825323907127244,0.02206992833531829,0.053427619588777064,0.256261298832558,0.918983472427332,0.3235051991414356,0.22782190358690102,0.9334950498584533,0.18147762416394841,0.1566792688448434,0.8623147934513432,0.06939144641323558,0.5201962000558783,0.3770815148097195,0.16907322643351275
25,5,0.73814107567087,0.5455565545619503,0.45960687242036957,0.24627356731638705,0.09355543816389467,0.9530416369773314,0.027491857844549772,0.5316230616934831,0.6683294320229092,0.6064599117904734,0.6347945558164757,0.203636485381137,0.4194248218623776,0.7169178093877878,0.22845965147533198,0.277873648654807,0.44155095777228726,0.5103303964359603,0.24680704866686087,0.5989876339490028,0.738319828554908,0.15802361261167175,0.2927165139125124,0.9597513196894092,0.17058993033695413,0.32047990270252724,0.6615780972225571,0.7710188430443458,0.8906772235990077,0.36254834295788874,0.042876363681556895,0.2316917354717526
26,1,0.22043003623712643,0.36485917846707383,0.7082672196985257,0.9884710153098738,0.7801480869708258,0.9849095245159769,0.34318271621326024,0.44851107503469,0.34802589274028606,0.9012135631469451,0.44189926140971014,0.4936848001891829,0.8217316263153266,0.5017197095757832,0.4539066470810482,0.7384718819113367,0.25783587240893924,0.3736125911279039,0.023795664617205503,0.5549409343453974,0.7102041450089606,0.7327751968993145,0.4205500835618986,0.19389071749935394,0.8632980396187989,0.6148591936575089,0.6976320473764924,0.7193435722418404,0.8077344776491394,0.9110600572531132,0.5397843239117902,0.40782317955216674
26,2,0.7748064259283183,0.12038758302653518,0.7615756615194242,0.5618170871314043,0.7619253923962649,0.09070082320407757,0.9880490565225345,0.727164692533297,0.07717896696721538,0.35441001249404736,0.5677798375689352,0.18718296617311048,0.6764326607918415,0.5499108301289882,0.33206466786815814,0.2346684512009949,0.9248560331368755,0.1730838383050617,0.7532421085696823,0.12179129305215697,0.8063680997358303,0.8396434891391745,0.5395264557315105,0.25459109794835166,0.312437834755539,0.6014821844587531,0.36977334308003107,0.5796966850873102,0.1005096056946817,0.928736850690872,0.42762640002788155,0.14138605714467667
26,3,0.6735732416962308,0.3486360998777063,0.12314389651717506,0.5178142638137817,0.770395600932754,0.3321556429017106,0.9313541776854017,0.7291630218486577,0.7311496748149281,0.14812560369032435,0.5593224074177748,0.0465750910325764,0.1525557378763045,0.9116924702664227,0.22307366029549147,0.10051165764114367,0.3429622945080143,0.044752758982209095,0.16413679595510244,0.39266503159383315,0.5300909481315615,0.055949238670442325,0.4142172921599485,0.041826349802103646,0.3817525162630727,0.7759257190720961,0.9835238766268468,0.06698459894777753,0.19524666042244465,0.40761445159001264,0.15138015698214768,0.00702369918127399
26,4,0.5514178460023272,0.9146741398309635,0.5669215614029431,0.7050169522208752,0.4391168463831666,0.004173029545618379,0.5150192419741443,0.009966413033175914,0.9665749341766078,0.6387171955312347,0.9234352618929197,0.6956788064052937,0.11472808335726525,0.25360653950846834,0.9074274202620961,0.6322866460513162,0.6419065846467723,0.9562424354192857,0.6469630934532992,0.6223064154468437,0.1063481456834563,0.9612288256999464,0.02927013189943961,0.9619825074034167,0.021033782976969118,0.1082542805013541,0.8525715718052121,0.592557109309704,0.2199863524605291,0.7809704000714719,0.5203514280839994,0.686613653497981
26,5,0.7232236035755002,0.9119851783618872,0.13789445568645797,0.8387638915080371,0.19818370815263364,0.37140011173944876,0.5057381466524736,0.6519900991281599,0.532793847265525,0.8192423682777906,0.539131930185186,0.11015902504610664,0.2724330856501649,0.37740825233633934,0.9184526979131191,0.08202055381643736,0.7357426321597903,0.39765733650938295,0.2818792581420795,0.5085850780805464,0.3456921729170004,0.45631669453184076,0.12053533565809715,0.14779165560101282,0.2853945231647076,0.3120939270226525,0.5342014153944669,0.24359105221944255,0.544207818383356,0.5427826883620857,0.5508201803257777,0.18450146856341232
27,1,0.6172841271246102,0.09426043622657954,0.7978285670351231,0.5782352123362082,0.6896535505689438,0.7259841954436432,0.8593913087966008,0.39029776759692236,0.802772678786394,0.07880568661622511,0.812385802597148,0.3222816200423959,0.9180296690429166,0.8347631687898018,0.1452460933882339,0.5647766096245541,0.6240499014591624,0.4614727279655608,0.08884678096031662,0.3860271870065485,0.5839000810322341,0.6486256885824744,0.6265426991937131,0.09409742475896277,0.043939409102420335,0.4266170279814473,0.8272869177261054,0.5888710330164642,0.9859670252579127,0.5863317030442385,0.2985734379653342,0.6915429066569158
27,2,0.8807562173044332,0.8070307607974024,0.8373725029924604,0.36779433595913624,0.8849875714013389,0.8857291039850226,0.0008434902154362822,0.08217133062525772,0.38364530773663974,0.14982367784750217,0.10905435909225669,0.22794878240418281,0.33135630972975494,0.05358004137425931,0.4817741680956038,0.10613232105276105,0.5838875929851862,0.37459586932298106,0.7816215173034954,0.6721081052352739,0.5842418104577507,0.5610384291664965,0.41407806406719694,0.23660981046808804,0.166824510475732,0.908732896876222,0.48762220003218115,0.9565823331727563,0.3132292605743434,0.8991792097206056,0.8429828987590134,0.1972963380999042
27,3,0.6608756600286724,0.5409682896005622,0.23722465716708452,0.01301537016951404,0.040288597555665384,0.032176973275060416,0.2887845924459185,0.5904967965435598,0.6067383554660843,0.05444476565551848,0.5301146358497769,0.869614820902151,0.7145813043597712,0.9719570073233409,0.2036859040899216,0.5686484542260464,0.7301002480905936,0.11883867559487127,0.5215958797059586,0.9770746658695953,0.33863505385580495,0.2709206611500793,0.6676135615385447,0.3937043378327123,0.9809109491152624,0.8731561187141815,0.7226199190603708,0.6524509922498108,0.02595905942427934,0.6559716750280432,0.09033846278599766,0.26193610337567186
27,4,0.3789262059539451,0.8224698134635067,0.8106727680772662,0.7968054602449707,0.7991472129539336,0.49326844463200303,0.47382677908510296,0.8553132096422632,0.6559016025257445,0.975189352770778,0.37124423379593596,0.24400631392532213,0.21083781520401157,0.022573523279956653,0.6730573156755729,0.74677562287763,0.9949199193420349,0.6839933878285367,0.7550207641186143,0.3894784877015651,0.12539320212667082,0.6872489070619794,0.2979384084109086,0.2886725786525146,0.07833697984840182,0.7625975631458679,0.2066762187632697,0.013747007652099685,0.9095685484040967,0.19270944401586187,0.04953738195845603,0.6963677960722539
27,5,0.8593800391560366,0.42895905038381255,0.13430428240835934,0.45988370054876426,0.6304669898566826,0.055166164626651804,0.758568242651181,0.8580646157381356,0.37483730402663185,0.16749545182791103,0.8524658718004721,0.7723981258090377,0.6538814461357895,0.10697100316984365,0.16014156681343406,0.47725340664844873,0.3491646851580673,0.6781137699181748,0.4494818556448783,0.7720979253866517,0.533863083474111,0.05297954943508021,0.6985310442232877,0.9420814609498404,0.4989120381406462,0.7474294879683184,0.9558954524666,0.6536416001137624,0.44661180419548674,0.20054831238201098,0.08282258300562573,0.09307543109432592
28,1,0.7649952033323021,0.732003550059521,0.17408703158059646,0.6991642008624834,0.5530577300139125,0.5565369391678903,0.9322877796792378,0.2745323262955657,0.3577557947331965,0.9910558284558734,0.6347370973983375,0.4508782159973945,0.836644202134897,0.19055871859587337,0.6910631221925183,0.25160301780797956,0.6978669401296097,0.23532692236645525,0.20538921625965556,0.33983423014411185,0.4833314933798589,0.07293507628926621,0.3782768778244353,0.699915365075573,0.7017596252045987,0.9219537887451184,0.8222476955944634,0.8810195507045777,0.15512967709868553,0.8841877481231414,0.5859453136996561,0.558899538852315
28,2,0.7864852936934417,0.19055395399448638,0.8033473309515894,0.15611003434654624,0.6225578970408294,0.2797806173499141,0.6750483987805781,0.08630869438697286,0.17263005050583624,0.09820098304208247,0.601709000568999,0.13872309380865167,0.5431746524479757,0.7452791669053266,0.8125376056314298,0.1908185658845053,0.3302341178114693,0.38150027580979495,0.9056720747984928,0.7342745288026847,0.8592732783756921,0.6527709389703046,0.05019974613213041,0.22287671658318553,0.2916849572803266,0.1855576598431793,0.9710942156240554,0.00030817079706535466,0.23189052430342916,0.9246066890546424,0.6485841846523668,0.5852582225208057
28,3,0.602189533162494,0.8367859608069295,0.7391933331913475,0.07498215251424545,0.32120761561873157,0.35228712094673453,0.9631837019582566,0.18959023349510573,0.07152130803727652,0.08912125569867102,0.9734121348463888,0.6439360421210161,0.44944400238342075,0.4539656034187003,0.28333762383457084,0.1623806042805378,0.5927753226412186,0.37940784737153754,0.78230184267036,0.9839518556373574,0.7776665724879772,0.7949041056823288,0.6176384685210969,0.762673252156324,0.6143625529263508,0.018864095751613963,0.2693448021996301,0.19007211417034775,0.25848504461692634,0.1694702008666784,0.8707298344588447,0.2423811528771873
28,4,0.4981516252140461,0.33389479030669766,0.36542398571504275,0.3887432410758406,0.6808327449952695,0.8475810928718766,0.27702416087898407,0.15617019745887895,0.3932203734563626,0.16713702542629183,0.9640796692913034,0.3969076866205733,0.07359500842070277,0.8009315693201364,0.5430708194871469,0.9418748878777528,0.7793095459887532,0.7614096477559773,0.6451446134757405,0.5788781454200921,0.43504830559043217,0.9391809921139164,0.18880508785378003,0.49559512227541935,0.4243235683487554,0.4267915123716599,0.7476568182958102,0.362471096025752,0.8098963361521987,0.819032866648434,0.42624849614419347,0.07205571079524165
28,5,0.6224026514205555,0.9915075093106412,0.9095455820811496,0.16545477583621815,0.5095564794087437,0.5533545558102738,0.3418813913204872,0.3718111335209423,0.28911809660847065,0.46154249810709913,0.575483487576535,0.5287880706780759,0.37178891455006224,0.9000830893626178,0.24991539243390903,0.1632706490155682,0.13917964497699775,0.7678948387111465,0.7207502695971271,0.2282650583420619,0.7985413891179867,0.31726124958887947,0.4019416621193267,0.5298768295090124,0.2045607532116318,0.9923114198582208,0.05540244332793487,0.636176080726265,0.14042973962513183,0.5141342913968667,0.5114722495201808,0.9180143402203721
29,1,0.5491520120549129,0.13510507467219202,0.5590383162801192,0.29264548895300746,0.6451705765607811,0.04576730108429927,0.2972774352700559,0.20644736724557777,0.9763963743829545,0.17473943380202372,0.5143399590517368,0.8150171591796217,0.4049278131047048,0.4798305653086413,0.953109060651673,0.5261526212089289,0.9271979954773232,0.4876996752278573,0.5064752117053772,0.6438844588699586,0.13876392326515363,0.7699146535688635,0.9497193139295763,0.13200829029530714,0.32455951731403787,0.16363131984849544,0.17231697392325884,0.5652586304151288,0.12300405251829749,0.4952740627713619,0.24408735990870933,0.24421539667691028
29,2,0.373430516134036,0.34530077774427426,0.5838172988194682,0.5368528780091293,0.1922795285884109,0.0736055643040544,0.9415620874690954,0.518569716049327,0.9692197813624691,0.2286469863913323,0.7503370851621025,0.7976912363550902,0.5836770224702719,0.806648626744975,0.8450840298469842,0.6397842783242524,0.911836998143606,0.796259768304241,0.118985546001103,0.9788985344664126,0.6244821796642415,0.8354025085836376,0.47755626968996057,0.5926176136358442,0.8659949921035148,0.27376115579905924,0.5057590848973917,0.7178209837425339,0.4007694408121567,0.5080855947696005,0.3510372688859701,0.6190225370331849
29,3,0.3470551462617887,0.15413689394164531,0.9012527886785853,0.4957186348976662,0.03091544518697298,0.7628288086033828,0.22214626606662957,0.25086770031454897,0.3824171230111042,0.2865008845329374,0.08546765422679237,0.7303685907154627,0.8819459561250222,0.8034479115759757,0.28628363592160766,0.29558543132371673,0.9385118623445028,0.6269148935927911,0.06294618901061766,0.9880565878362644,0.6246269214080352,0.9133983800690423,0.9732323351634469,0.3019307937197765,0.7040244860688982,0.8154056162584485,0.47164341899594087,0.8603233271857651,0.875382617622575,0.7916498777236628,0.39222730972768627,0.9444409635643203
29,4,0.6450935332986516,0.6707665208453809,0.8936016026967647,0.35573083115896564,0.24632333048572064,0.5140101257316498,0.8311019983749035,0.839318460508434,0.5598609891223361,0.8447026029019128,0.6015868490193642,0.5433224351191064,0.8600377456953866,0.8261803322209073,0.45293961581471687,0.14752944009054625,0.21039312819675526,0.39791052343929534,0.8710430137208077,0.06602336285030919,0.08375004556569177,0.25876224000216574,0.46837313501030886,0.22962698490764033,0.22385675815256034,0.5146124399099625,0.10522540028713645,0.0030713059303622003,0.6596399519589973,0.2208675682474861,0.3506979600335133,0.10757813356498847
29,5,0.0075025233237476785,0.5602640000627837,0.4418527978114535,0.7710939752011352,0.7820742537189879,0.6043638749254236,0.7264771523010654,0.4213004687389904,0.24614368274318754,0.25595226318452835,0.6034290002594742,0.0032195353662110016,0.24919514299724,0.8489135087609856,0.8408507542720182,0.4170317059532508,0.29302255637888297,0.2574017121282116,0.732608133103815,0.29034967000544665,0.804362590560734,0.614499990196079,0.9546239417107625,0.8358412989920155,0.8821702352176957,0.5527736741962056,0.12598394856438644,0.8861668273732338,0.026740708606291408,0.32086667486296394,0.3198132936347413,0.6904505289574356
30,1,0.3701395865670176,0.05637377924669995,0.19223127354730374,0.05654855307826434,0.6342973816442876,0.598510985925893,0.3062831506360435,0.18215863645780384,0.9798818891434267,0.7031202231506535,0.985837650602232,0.9950727055634923,0.972549721219649,0.14952554529548912,0.8341067607133849,0.800018919377082,0.2596703007457384,0.09013997793619721,0.4863745878211503,0.9706747274600112,0.6766499490483222,0.872715453207358,0.8898589608927256,0.4828995874739017,0.7765736923456534,0.03578652728934384,0.12115209806841898,0.4376877925547318,0.2674793800202069,0.590121190577797,0.6804466962042844,0.7015998395417781
30,2,0.6641565311756247,0.23121268039427623,0.44530550325163054,0.2554921420442656,0.751519687674316,0.2229616808579764,0.696452919007455,0.5528523261661126,0.42888989567013447,0.23582524686063266,0.3052071677283199,0.2490809416893428,0.4732722285531359,0.1510879597978806,0.08793526592633083,0.19490192800352169,0.9523431197513715,0.46162011431754835,0.5612551428556103,0.6033416271920061,0.1966437342375965,0.32394354264801906,0.21047240546667145,0.37562040791349227,0.93245432041159,0.12343288116737527,0.9299369272164074,0.9721468472899332,0.4071902872061782,0.8059844892655745,0.3289765536816275,0.9671825580804326
30,3,0.7310926852541931,0.69091374438121,0.23963428157246203,0.8665877602167681,0.7384754126544596,0.33081436301071854,0.789724446938398,0.8677219810933359,0.38535241616480187,0.6917028351958951,0.1932849570546803,0.6888189913663572,0.8823135956287875,0.2192592517059465,0.4527589208996504,0.7521486048533512,0.41672466217018533,0.3225555009005824,0.8655368589648958,0.5863296264993668,0.4034000486246262,0.014231132987137962,0.9142123154537877,0.5930271316579135,0.25004481845752824,0.1337342875792411,0.8797362162966815,0.40413226461321095,0.6527481123187205,0.26008470379241033,0.41932104108807267,0.9077358666052949
30,4,0.283677687064665,0.6564579970886127,0.9036260886754246,0.7284154342927508,0.5117662409787282,0.17300997575261412,0.753454887372595,0.6628089875402131,0.7034463549650362,0.9670168817460327,0.2006862186167595,0.8329698332837531,0.2915264500612579,0.8604697158282412,0.5785383047388597,0.7147985276496036,0.33031586093074217,0.35610213498063414,0.041822187843105874,0.4502606567842492,0.9949642757314419,0.9450591366773804,0.6941523952747124,0.630994565928552,0.7398774776058172,0.09027523079412125,0.14342030690876195,0.7793433183647597,0.02256100110039705,0.8070651528694462,0.7952174806656489,0.4474133369406176
30,5,0.7007537021499665,0.1049583669660824,0.6540471516944751,0.7729936816653663,0.04815467092808701,0.674831662860413,0.5221007413266886,0.7205750990641905,0.6185437174581006,0.20722319230049746,0.4369658897375376,0.621444282125741,0.09196709477399556,0.27609313566926097,0.8610113643702231,0.5830518118074102,0.07076950809836025,0.46566252841139977,0.20444400570309962,0.005801442098008702,0.42850130813985265,0.6882597252190857,0.8487501770108058,0.9411809048453994,0.6984675386018169,0.7766903936940752,0.3589568239265615,0.7145783147089687,0.7286359278236944,0.9922717036036401,0.5054547378949981,0.9437315713956533
